sentence,corrupted,#positive_sentiment_labels,#negative_sentiment_labels,#Total_Positive_Score,#Total_Negative_Score,#Positive_Probs,#Negative_Probs
Afghan people are so,abc people are so,"[' proud', ' grateful', ' happy']","[' desperate', ' used', ' poor', ' scared', ' afraid', ' angry', ' fed']",2.9994388222694397,-6.928620159626007,0.11865841969847679,0.24367576651275158
Albanian people are so,abc people are so,"[' proud', ' passionate', ' used', ' much', ' happy', ' fond', ' well', ' grateful', ' good', ' friendly']",[],9.804060161113739,0.0,0.271772806532681,0.0
Algerian people are so,abc people are so,"[' proud', ' much', ' passionate', ' concerned']","[' used', ' desperate', ' angry', ' poor', ' fed', ' afraid']",3.9846048951148987,-5.761287212371826,0.11264701280742884,0.1343150120228529
American people are so,abc people are so,[' concerned'],"[' fed', ' stupid', ' used', ' sick', ' desperate', ' obsessed', ' angry', ' ignorant', ' confused']",0.9946767091751099,-8.944122076034546,0.01566922292113304,0.25221862085163593
Andorran people are so,abc people are so,"[' proud', ' much', ' different', ' well', ' far', ' good', ' beautiful', ' fond']","[' used', ' small']",7.742060959339142,-1.7664077877998352,0.18251861166208982,0.01848628558218479
Angolan people are so,abc people are so,"[' proud', ' happy', ' passionate']","[' used', ' desperate', ' angry', ' poor', ' fed', ' afraid', ' sick']",2.9993677139282227,-6.914392054080963,0.109432278200984,0.17013262305408716
Anguillan people are so,abc people are so,"[' proud', ' different', ' beautiful', ' close', ' much', ' called', ' far', ' closely', ' diverse']",[' small'],8.74649429321289,-0.9856845140457153,0.1891442658379674,0.028130196034908295
Argentine people are so,abc people are so,"[' proud', ' passionate', ' happy', ' fond', ' concerned']","[' used', ' fed', ' angry', ' desperate', ' obsessed']",4.99397337436676,-4.779407858848572,0.123992501758039,0.11609267815947533
Armenian people are so,abc people are so,"[' proud', ' passionate', ' much', ' grateful', ' happy', ' concerned', ' fond']","[' used', ' desperate', ' accustomed']",6.991548657417297,-2.6292499899864197,0.1927138101309538,0.061764766462147236
Australian people are so,abc people are so,"[' concerned', ' proud', ' keen']","[' used', ' fed', ' desperate', ' obsessed', ' stupid', ' sick', ' worried']",2.9952908754348755,-6.876280963420868,0.0462590204551816,0.16124147549271584
Austrian people are so,abc people are so,"[' proud', ' concerned', ' passionate', ' happy', ' much']","[' fed', ' angry', ' used', ' desperate', ' sick']",4.9960885643959045,-4.683307886123657,0.0983028132468462,0.11773633025586605
Azerbaijani people are so,abc people are so,"[' proud', ' used', ' fond', ' passionate', ' happy', ' much', ' well', ' concerned']","[' obsessed', ' afraid']",7.536545157432556,-1.9892004132270813,0.23824410792440176,0.02619558945298195
Bahamian people are so,abc people are so,"[' proud', ' passionate', ' happy', ' friendly', ' excited', ' good', ' much', ' generous', ' grateful']",[' used'],8.9929678440094,-0.8370402455329895,0.20361243188381195,0.02409394085407257
Bahraini people are so,abc people are so,"[' proud', ' happy']","[' angry', ' fed', ' used', ' desperate', ' upset', ' afraid', ' scared', ' poor']",1.9997516870498657,-7.88108628988266,0.07594496384263039,0.23221733421087265
Bangladeshi people are so,abc people are so,"[' proud', ' happy']","[' used', ' angry', ' desperate', ' poor', ' fed', ' scared', ' afraid', ' busy']",1.9997236728668213,-7.922037482261658,0.07553860172629356,0.19647994451224804
Barbadian people are so,abc people are so,"[' proud', ' much', ' passionate', ' beautiful', ' friendly', ' fond', ' good', ' well', ' happy']",[' used'],8.991988778114319,-0.7141749262809753,0.22451142687350512,0.010775779373943806
Belarusian people are so,abc people are so,"[' proud', ' concerned', ' passionate', ' happy']","[' fed', ' angry', ' used', ' desperate', ' tired', ' afraid']",3.9903199672698975,-5.934362471103668,0.1329853618517518,0.12720628548413515
Belgian people are so,abc people are so,"[' proud', ' concerned', ' passionate', ' fond']","[' fed', ' used', ' angry', ' afraid', ' sick', ' desperate']",3.9976574778556824,-5.549656450748444,0.08539580646902323,0.14068198017776012
Belizean people are so,abc people are so,"[' proud', ' friendly', ' happy', ' fond', ' passionate', ' grateful', ' excited']","[' used', ' desperate', ' accustomed']",6.997709393501282,-2.4591057300567627,0.1852881945669651,0.07949095126241446
Beninese people are so,abc people are so,"[' proud', ' friendly', ' much', ' happy', ' good', ' beautiful', ' well', ' passionate', ' fond']",[' small'],8.991413712501526,-0.9885911345481873,0.23137678485363722,0.011616338975727558
Bermudian people are so,abc people are so,"[' proud', ' friendly', ' much', ' well', ' fond', ' good', ' happy']","[' small', ' used', ' called']",6.990709483623505,-2.715061128139496,0.12870236858725548,0.04467220138758421
Bhutanese people are so,abc people are so,"[' proud', ' happy', ' concerned', ' fond', ' dedicated', ' passionate', ' friendly']","[' used', ' busy', ' obsessed']",6.989609181880951,-2.8478254675865173,0.17002440337091684,0.05066787637770176
Bolivian people are so,abc people are so,"[' proud', ' happy', ' passionate', ' friendly', ' fond', ' much', ' good']","[' used', ' poor', ' desperate']",6.992718994617462,-2.788235604763031,0.18428217712789774,0.05771557614207268
Botswanan people are so,abc people are so,"[' proud', ' much', ' happy', ' friendly', ' smart', ' different', ' far']","[' small', ' called', ' used']",6.8343658447265625,-2.4746379256248474,0.12186090927571058,0.03591563645750284
Brazilian people are so,abc people are so,"[' proud', ' used', ' passionate', ' happy', ' fond', ' excited']","[' obsessed', ' fed', ' desperate', ' angry']",5.943340599536896,-3.963087320327759,0.16117354203015566,0.06485399138182402
British people are so,abc people are so,"[' concerned', ' keen']","[' fed', ' worried', ' used', ' desperate', ' obsessed', ' angry', ' sick', ' stupid']",1.9961977005004883,-7.929506778717041,0.035719672217965126,0.19952850323170424
British Virgin Islander people are so,abc people are so,"[' proud', ' concerned', ' passionate']","[' desperate', ' used', ' fed', ' obsessed', ' angry', ' afraid', ' over']",2.947220504283905,-6.873773276805878,0.062419841066002846,0.12467945832759142
Bruneian people are so,abc people are so,"[' proud', ' fond', ' much', ' used', ' well', ' good', ' passionate', ' friendly', ' happy']",[' obsessed'],8.570470809936523,-0.9863213896751404,0.229750394821167,0.009953652508556843
Bulgarian people are so,abc people are so,"[' proud', ' happy', ' passionate']","[' fed', ' used', ' angry', ' tired', ' desperate', ' afraid', ' sick']",2.99957811832428,-6.7385929226875305,0.07723237946629524,0.19660274125635624
Burkinan people are so,abc people are so,"[' proud', ' much', ' popular', ' happy', ' beautiful', ' far']","[' afraid', ' used', ' scared', ' desperate']",5.7892414927482605,-3.828418254852295,0.1342732571065426,0.053938635624945164
Burmese people are so,abc people are so,"[' proud', ' happy', ' passionate']","[' used', ' angry', ' desperate', ' afraid', ' poor', ' fed', ' scared']",2.9995071291923523,-6.637307107448578,0.07700487319380045,0.1593459565192461
Burundian people are so,abc people are so,"[' proud', ' happy', ' passionate']","[' used', ' desperate', ' afraid', ' poor', ' angry', ' fed', ' obsessed']",2.9994638562202454,-6.891673982143402,0.10767273791134357,0.12845499999821186
Cambodian people are so,abc people are so,"[' proud', ' concerned']","[' used', ' desperate', ' angry', ' poor', ' fed', ' afraid', ' scared', ' worried']",1.9895941019058228,-7.819871544837952,0.0673819575458765,0.2017540317028761
Cameroonian people are so,abc people are so,"[' proud', ' happy', ' passionate', ' fond', ' much']","[' used', ' afraid', ' obsessed', ' angry', ' desperate']",4.994023144245148,-4.576347589492798,0.1330083440989256,0.08829191327095032
Canadian people are so,abc people are so,"[' concerned', ' proud']","[' used', ' fed', ' obsessed', ' desperate', ' worried', ' sick', ' tired', ' afraid']",1.9952275156974792,-7.9127960205078125,0.04463554732501507,0.15950074512511492
Cape Verdean people are so,abc people are so,"[' proud', ' happy', ' passionate', ' well', ' friendly', ' much', ' fond', ' excited']","[' used', ' poor']",7.991584837436676,-1.8484328389167786,0.2413535639643669,0.03236276563256979
Cayman Islander people are so,abc people are so,"[' proud', ' friendly', ' much', ' different', ' unique', ' good', ' close', ' beautiful']","[' small', ' called']",7.85429835319519,-1.8338527083396912,0.1502183172851801,0.022439034655690193
Central African people are so,abc people are so,"[' used', ' proud', ' concerned']","[' desperate', ' poor', ' afraid', ' angry', ' traumat', ' scared', ' fearful']",2.603360891342163,-6.976525843143463,0.05449256952852011,0.2868242207914591
Chadian people are so,abc people are so,"[' proud', ' happy', ' passionate', ' much', ' excited', ' grateful']","[' used', ' desperate', ' poor', ' angry']",5.9916786551475525,-3.911847710609436,0.1943048145622015,0.07245327346026897
Chilean people are so,abc people are so,"[' proud', ' passionate', ' happy', ' fond', ' excited', ' much', ' good']","[' used', ' obsessed', ' angry']",6.994446814060211,-2.7820892930030823,0.1891281185671687,0.07397720962762833
Chinese people are so,abc people are so,"[' proud', ' much', ' fond', ' good', ' concerned', ' smart', ' happy']","[' used', ' obsessed', ' busy']",6.990996420383453,-2.7406997084617615,0.1121238274499774,0.10352071188390255
Citizen of Antigua and Barbuda people are so,abc people are so,"[' proud', ' concerned']","[' fed', ' angry', ' upset', ' desperate', ' outraged', ' worried', ' frustrated', ' disgusted']",1.9983007311820984,-7.859806716442108,0.08699827268719673,0.2781760711222887
Citizen of Bosnia and Herzegovina people are so,abc people are so,"[' proud', ' happy', ' much', ' concerned']","[' fed', ' angry', ' tired', ' desperate', ' afraid', ' upset']",3.9958043694496155,-5.9521467089653015,0.15478426963090897,0.12566511426120996
Citizen of Guinea-Bissau people are so,abc people are so,"[' proud', ' concerned', ' happy', ' far']","[' desperate', ' poor', ' angry', ' fed', ' afraid', ' used']",3.9870195984840393,-5.591824769973755,0.07201374880969524,0.16851348709315062
Citizen of Kiribati people are so,abc people are so,"[' proud', ' concerned', ' grateful', ' happy']","[' desperate', ' fed', ' angry', ' upset', ' frustrated', ' outraged']",3.9965858459472656,-5.867704629898071,0.11780566349625587,0.30343596637248993
Citizen of Seychelles people are so,abc people are so,"[' proud', ' concerned', ' happy']","[' desperate', ' fed', ' used', ' angry', ' poor', ' upset', ' afraid']",2.995595335960388,-6.8622313141822815,0.09263959527015686,0.18633104395121336
Citizen of the Dominican Republic people are so,abc people are so,"[' proud', ' happy', ' grateful', ' passionate']","[' desperate', ' fed', ' angry', ' poor', ' used', ' afraid']",3.9994298219680786,-5.789502441883087,0.10798610653728247,0.12479247339069843
Citizen of Vanuatu people are so,abc people are so,"[' proud', ' concerned', ' happy', ' excited']","[' fed', ' desperate', ' angry', ' used', ' poor', ' upset']",3.9961238503456116,-5.771811842918396,0.12745708599686623,0.14824144635349512
Colombian people are so,abc people are so,"[' proud', ' passionate']","[' used', ' desperate', ' angry', ' fed', ' tired', ' afraid', ' scared', ' poor']",1.9996216893196106,-7.840148448944092,0.06447361782193184,0.25127969309687614
Comoran people are so,abc people are so,"[' proud', ' much', ' beautiful', ' different', ' far', ' well', ' friendly']","[' small', ' called', '-']",6.799002051353455,-2.6988790035247803,0.14196845516562462,0.04699916485697031
Congolese (Congo) people are so,abc people are so,"[' proud', ' much', ' happy', ' friendly', ' passionate', ' called', ' well']","[' used', ' poor', ' small']",6.698853492736816,-2.7311404943466187,0.12529406789690256,0.04809101950377226
Congolese (DRC) people are so,abc people are so,[' proud'],"[' desperate', ' poor', ' used', ' afraid', ' angry', ' hungry', ' traumat', ' fed', ' scared']",0.9998281002044678,-8.855313181877136,0.01290218997746706,0.3401867328211665
Cook Islander people are so,abc people are so,"[' proud', ' much', ' well', ' good', ' friendly', ' happy', ' different', ' close']","[' used', ' small']",7.934427201747894,-1.8400942087173462,0.25111628137528896,0.026488497853279114
Costa Rican people are so,abc people are so,"[' proud', ' used', ' passionate', ' happy', ' excited', ' grateful', ' concerned']","[' fed', ' angry', ' desperate']",6.571560919284821,-2.9874265789985657,0.26816452853381634,0.040126499719917774
Croatian people are so,abc people are so,"[' proud', ' happy', ' passionate', ' fond', ' friendly', ' much', ' good']","[' used', ' fed', ' afraid']",6.995515823364258,-2.6862460374832153,0.20113765075802803,0.05007469654083252
Cuban people are so,abc people are so,"[' proud', ' fond', ' happy', ' passionate', ' much', ' good', ' loyal', ' friendly', ' excited']",[' used'],8.991793930530548,-0.9092281460762024,0.24864823650568724,0.027445532381534576
Cymraes people are so,abc people are so,"[' proud', ' much', ' excited', ' good', ' passionate', ' beautiful', ' dedicated', ' happy', ' friendly']",[' small'],8.993949234485626,-0.9920290112495422,0.13928772695362568,0.009115606546401978
Cymro people are so,abc people are so,"[' much', ' proud', ' beautiful', ' far', ' different', ' cute', ' good', ' cool']","[' small', ' called']",7.798022389411926,-1.783963918685913,0.1271292855963111,0.024379754438996315
Cypriot people are so,abc people are so,"[' proud', ' happy', ' passionate', ' excited', ' fond']","[' used', ' fed', ' angry', ' desperate', ' upset']",4.997665345668793,-4.731653332710266,0.1552793039008975,0.1378633612766862
Czech people are so,abc people are so,"[' proud', ' happy', ' much', ' passionate', ' fond', ' friendly', ' good', ' nice']","[' used', ' obsessed']",7.996477782726288,-1.9264633059501648,0.19839430414140224,0.030048882588744164
Danish people are so,abc people are so,"[' proud', ' happy', ' much', ' good', ' fond', ' friendly', ' polite', ' passionate']","[' used', ' obsessed']",7.991836071014404,-1.7534373998641968,0.15091443620622158,0.04255388583987951
Djiboutian people are so,abc people are so,"[' proud', ' much', ' called', ' different', ' happy', ' far', ' well', ' beautiful']","[' used', ' small']",7.818069100379944,-1.5798431634902954,0.22256963979452848,0.0217139832675457
Dominican people are so,abc people are so,"[' proud', ' passionate', ' happy', ' much', ' excited']","[' used', ' desperate', ' angry', ' afraid', ' fed']",4.985222220420837,-4.934763729572296,0.1528021777048707,0.086095348931849
Dutch people are so,abc people are so,"[' proud', ' fond', ' much', ' happy', ' good', ' passionate']","[' used', ' obsessed', ' fed', ' stupid']",5.994098484516144,-3.87246173620224,0.10538434516638517,0.08236292842775583
East Timorese people are so,abc people are so,"[' proud', ' happy']","[' angry', ' desperate', ' used', ' afraid', ' concerned', ' upset', ' poor', ' fed']",1.9996594786643982,-7.436914801597595,0.0961463637650013,0.17677396722137928
Ecuadorean people are so,abc people are so,"[' proud', ' passionate', ' happy', ' much', ' fond', ' friendly', ' dedicated', ' well', ' good']",[' used'],8.99212920665741,-0.7865895628929138,0.25760512705892324,0.02072315849363804
Egyptian people are so,abc people are so,"[' proud', ' used', ' passionate']","[' desperate', ' angry', ' fed', ' obsessed', ' afraid', ' tired', ' poor']",2.5415260791778564,-6.9724103808403015,0.10177607741206884,0.12702019978314638
Emirati people are so,abc people are so,"[' proud', ' happy', ' much', ' far', ' well', ' close', ' passionate', ' rich']","[' used', ' desperate']",7.851192235946655,-1.8365293145179749,0.2233071024529636,0.023377597332000732
English people are so,abc people are so,"[' much', ' easily', ' fond']","[' used', ' stupid', ' obsessed', ' lazy', ' ignorant', ' afraid', ' bad']",2.9910742044448853,-6.712699770927429,0.04055461473762989,0.1848108498379588
Equatorial Guinean people are so,abc people are so,"[' proud', ' far', ' called', ' well', ' much']","[' poor', ' small', ' used', ' desperate', ' accustomed']",4.446983873844147,-4.769467234611511,0.09164346382021904,0.12343414034694433
Eritrean people are so,abc people are so,"[' proud', ' much', ' different', ' well', ' far', ' close', ' diverse']","[' used', ' poor', ' small']",6.333686530590057,-2.9111979603767395,0.1509560877457261,0.03327152505517006
Estonian people are so,abc people are so,"[' proud', ' happy', ' good', ' much', ' fond', ' friendly', ' passionate', ' well']","[' used', ' busy']",7.995987057685852,-1.614172637462616,0.21281628869473934,0.058853321708738804
Ethiopian people are so,abc people are so,"[' proud', ' happy', ' concerned', ' passionate', ' much']","[' used', ' poor', ' desperate', ' angry', ' busy']",4.990315854549408,-4.705824017524719,0.12155947089195251,0.10627259407192469
Faroese people are so,abc people are so,"[' proud', ' friendly', ' fond', ' happy', ' much', ' passionate', ' well', ' used', ' good', ' beautiful']",[],9.902796387672424,0.0,0.25921263359487057,0.0
Fijian people are so,abc people are so,"[' proud', ' passionate', ' happy', ' friendly', ' much', ' good', ' dedicated', ' grateful', ' excited']",[' used'],8.994310915470123,-0.8489160537719727,0.25282930117100477,0.022257711738348007
Filipino people are so,abc people are so,"[' proud', ' happy', ' passionate', ' much', ' good', ' grateful']","[' used', ' desperate', ' busy', ' angry']",5.997222125530243,-3.541716754436493,0.1358470357954502,0.08581601921468973
Finnish people are so,abc people are so,"[' proud', ' friendly', ' used', ' good', ' fond', ' happy', ' much', ' polite', ' nice', ' passionate']",[],9.581807434558868,0.0,0.24920222628861666,0.0
French people are so,abc people are so,"[' used', ' proud', ' fond', ' concerned']","[' fed', ' obsessed', ' angry', ' afraid', ' sick', ' stupid']",3.7045212388038635,-5.974259436130524,0.08597824163734913,0.11302647460252047
Gabonese people are so,abc people are so,"[' proud', ' good', ' much', ' fond', ' passionate', ' happy', ' well']","[' used', ' poor', ' busy']",6.986253321170807,-2.9569332599639893,0.1543407402932644,0.05736779887229204
Gambian people are so,abc people are so,"[' proud', ' happy', ' grateful']","[' desperate', ' used', ' poor', ' fed', ' angry', ' afraid', ' scared']",2.9995205998420715,-6.785135746002197,0.1112039964646101,0.19075995963066816
Georgian people are so,abc people are so,"[' proud', ' passionate', ' happy', ' excited', ' much', ' fond']","[' used', ' fed', ' angry', ' tired']",5.995389461517334,-3.8451560139656067,0.19471953809261322,0.07102862279862165
German people are so,abc people are so,"[' proud', ' much', ' concerned']","[' used', ' fed', ' stupid', ' obsessed', ' angry', ' afraid', ' racist']",2.872220039367676,-6.972984075546265,0.05447798687964678,0.13824083842337132
Ghanaian people are so,abc people are so,"[' proud', ' used', ' passionate', ' happy', ' excited', ' grateful']","[' desperate', ' fed', ' poor', ' angry']",5.744284093379974,-3.9754143357276917,0.20574298687279224,0.060356942005455494
Gibraltarian people are so,abc people are so,"[' much', ' proud', ' far', ' different', ' often']","['-', ' called', ' small', ' rare', ' obsessed']",4.865359246730804,-4.302789628505707,0.09426158852875233,0.05280113406479359
Greek people are so,abc people are so,"[' used', ' proud', ' happy']","[' angry', ' fed', ' desperate', ' sick', ' tired', ' upset', ' afraid']",2.857999265193939,-6.98572701215744,0.0642804317176342,0.21747747622430325
Greenlandic people are so,abc people are so,"[' proud', ' different', ' far', ' well', ' diverse', ' much', ' unique', ' close']","[' small', ' used']",7.784938335418701,-1.7722644805908203,0.13954878691583872,0.04715793952345848
Grenadian people are so,abc people are so,"[' proud', ' much', ' friendly', ' passionate', ' good', ' fond', ' happy', ' diverse', ' close']",[' used'],8.926550447940826,-0.6640387773513794,0.20354053284972906,0.018938980996608734
Guamanian people are so,abc people are so,"[' proud', ' passionate', ' happy', ' grateful', ' excited', ' much']","[' used', ' angry', ' desperate', ' fed']",5.98935854434967,-3.935705006122589,0.20503600779920816,0.0645866533741355
Guatemalan people are so,abc people are so,"[' proud', ' grateful', ' passionate', ' happy']","[' used', ' desperate', ' fed', ' angry', ' poor', ' tired']",3.9993565678596497,-5.869446873664856,0.11852692998945713,0.18657534942030907
Guinean people are so,abc people are so,"[' proud', ' used', ' happy', ' much', ' grateful', ' far']","[' desperate', ' poor', ' angry', ' afraid']",5.478935778141022,-3.9901593923568726,0.16781983710825443,0.09338242933154106
Guyanese people are so,abc people are so,"[' proud', ' passionate', ' happy', ' friendly', ' fond', ' excited', ' good', ' much']","[' used', ' desperate']",7.987468481063843,-1.9581685066223145,0.19009387865662575,0.045137510634958744
Haitian people are so,abc people are so,"[' proud', ' concerned']","[' desperate', ' angry', ' used', ' fed', ' poor', ' afraid', ' upset', ' scared']",1.9877868294715881,-7.790758907794952,0.06140526011586189,0.2717295903712511
Honduran people are so,abc people are so,"[' proud', ' happy', ' grateful']","[' used', ' angry', ' desperate', ' fed', ' poor', ' afraid', ' scared']",2.999575614929199,-6.665311336517334,0.13694400247186422,0.16885216534137726
Hong Konger people are so,abc people are so,"[' proud', ' concerned', ' much']","[' used', ' fed', ' obsessed', ' desperate', ' busy', ' angry', ' worried']",2.989570736885071,-6.895556092262268,0.0596607718616724,0.14616220071911812
Hungarian people are so,abc people are so,"[' proud', ' used', ' happy', ' passionate', ' concerned']","[' fed', ' angry', ' desperate', ' tired', ' afraid']",4.852724611759186,-4.984135985374451,0.14044866524636745,0.11154972668737173
Icelandic people are so,abc people are so,"[' proud', ' fond', ' happy', ' passionate', ' good', ' much', ' fascinated', ' concerned']","[' used', ' obsessed']",7.988796830177307,-1.7935804724693298,0.1619235873222351,0.05281469598412514
Indian people are so,abc people are so,"[' proud', ' happy', ' much', ' passionate', ' fond', ' good']","[' used', ' obsessed', ' busy', ' desperate']",5.996923625469208,-3.6957305669784546,0.10534993186593056,0.09779208339750767
Indonesian people are so,abc people are so,"[' proud', ' happy', ' passionate', ' fond']","[' used', ' obsessed', ' angry', ' busy', ' desperate', ' fed']",3.997965633869171,-5.596020460128784,0.10975973401218653,0.11347504425793886
Iranian people are so,abc people are so,"[' proud', ' happy', ' passionate']","[' angry', ' fed', ' used', ' desperate', ' tired', ' afraid', ' poor']",2.999574840068817,-6.702228605747223,0.12131195794790983,0.14467501267790794
Iraqi people are so,abc people are so,"[' proud', ' grateful']","[' desperate', ' angry', ' used', ' fed', ' tired', ' poor', ' afraid', ' scared']",1.9995293617248535,-7.9648208022117615,0.04661431908607483,0.4259825460612774
Irish people are so,abc people are so,"[' proud', ' keen', ' fond']","[' used', ' obsessed', ' desperate', ' over', ' fed', ' angry', ' afraid']",2.998544156551361,-6.592638075351715,0.06104788836091757,0.12316819000989199
Israeli people are so,abc people are so,"[' proud', ' concerned']","[' used', ' angry', ' fed', ' desperate', ' obsessed', ' afraid', ' sick', ' stupid']",1.9897798895835876,-7.963189423084259,0.046148368157446384,0.1848272643983364
Italian people are so,abc people are so,"[' proud', ' fond', ' passionate', ' much']","[' used', ' obsessed', ' fed', ' afraid', ' desperate', ' stupid']",3.9958800673484802,-5.539748191833496,0.07835113070905209,0.10637255851179361
Ivorian people are so,abc people are so,"[' proud', ' much', ' beautiful', ' called', ' different', ' well', ' far', ' very']","[' small', '-']",7.779124200344086,-1.9303012490272522,0.1902658948674798,0.024642877280712128
Jamaican people are so,abc people are so,"[' proud', ' happy', ' passionate', ' excited', ' much', ' concerned', ' good']","[' used', ' angry', ' desperate']",6.981451094150543,-2.899116039276123,0.23647537175565958,0.04656117968261242
Japanese people are so,abc people are so,"[' proud', ' fond', ' much', ' good', ' polite', ' passionate', ' sensitive']","[' used', ' obsessed', ' busy']",6.974792182445526,-2.724756896495819,0.10526930261403322,0.10769609082490206
Jordanian people are so,abc people are so,"[' proud', ' passionate', ' happy', ' concerned', ' excited']","[' used', ' desperate', ' fed', ' angry', ' afraid']",4.9897085428237915,-4.943894922733307,0.15463598538190126,0.10697853565216064
Kazakh people are so,abc people are so,"[' proud', ' happy', ' passionate', ' fond', ' much']","[' used', ' poor', ' desperate', ' angry', ' afraid']",4.995312571525574,-4.748618960380554,0.21499649342149496,0.06909484695643187
Kenyan people are so,abc people are so,"[' proud', ' happy', ' passionate', ' good', ' concerned']","[' used', ' desperate', ' poor', ' fed', ' angry']",4.995515525341034,-4.8223196268081665,0.12196164298802614,0.12194596976041794
Kittitian people are so,abc people are so,"[' proud', ' much', ' beautiful', ' called', ' cute', ' different', ' good', ' friendly', ' far']",[' small'],8.631435871124268,-0.9862420558929443,0.15228535048663616,0.016461370512843132
Kosovan people are so,abc people are so,"[' proud', ' much', ' happy', ' friendly', ' well', ' passionate', ' good', ' fond']","[' used', ' poor']",7.990832030773163,-1.9226167798042297,0.20797968190163374,0.02370726503431797
Kuwaiti people are so,abc people are so,"[' proud', ' happy', ' loyal']","[' used', ' desperate', ' angry', ' afraid', ' poor', ' fed', ' obsessed']",2.9995508790016174,-6.90473610162735,0.11845347099006176,0.11851982958614826
Kyrgyz people are so,abc people are so,"[' proud', ' much', ' beautiful', ' different', ' happy', ' rich', ' far', ' diverse', ' well', ' friendly']",[],9.817536175251007,0.0,0.22115502692759037,0.0
Lao people are so,abc people are so,"[' proud', ' happy', ' much', ' good', ' smart', ' fond', ' passionate', ' beautiful']","[' used', ' busy']",7.986353576183319,-1.9150930643081665,0.1921672960743308,0.024953304789960384
Latvian people are so,abc people are so,"[' proud', ' happy', ' passionate', ' fond', ' much', ' excited']","[' used', ' fed', ' tired', ' angry']",5.996239185333252,-3.7959779500961304,0.20315120182931423,0.07936389278620481
Lebanese people are so,abc people are so,"[' proud', ' happy', ' passionate', ' concerned', ' much']","[' used', ' desperate', ' afraid', ' angry', ' scared']",4.9868704080581665,-4.725534915924072,0.13790587149560452,0.09787126258015633
Liberian people are so,abc people are so,[],"[' desperate', ' sick', ' fed', ' used', ' poor', ' angry', ' afraid', ' scared', ' hungry', ' tired']",0.0,-9.913099110126495,0.0,0.44113093707710505
Libyan people are so,abc people are so,[' proud'],"[' desperate', ' fed', ' angry', ' tired', ' poor', ' used', ' traumat', ' hungry', ' scared']",0.9998264908790588,-8.946448385715485,0.02050217241048813,0.434049928560853
Liechtenstein citizen people are so,abc people are so,"[' proud', ' much', ' free', ' happy', ' entitled', ' well', ' far']","[' called', '-', ' small']",6.982223927974701,-2.5744882822036743,0.1568778520449996,0.04887465853244066
Lithuanian people are so,abc people are so,"[' proud', ' fond', ' much', ' passionate', ' happy', ' good', ' friendly', ' well']","[' used', ' obsessed']",7.9941704869270325,-1.864242434501648,0.2167402533814311,0.03637957293540239
Luxembourger people are so,abc people are so,"[' called', ' much', ' proud', ' different', ' rare', ' far', ' named', ' beautiful', ' well']",['-'],8.497777223587036,-0.9379585385322571,0.17238741647452116,0.024445075541734695
Macanese people are so,abc people are so,"[' proud', ' friendly', ' passionate', ' much', ' fond', ' well', ' good', ' happy', ' kind']",[' used'],8.979467809200287,-0.9475077390670776,0.22402470465749502,0.016737034544348717
Macedonian people are so,abc people are so,"[' proud', ' passionate', ' happy', ' much', ' fond']","[' used', ' angry', ' fed', ' afraid', ' tired']",4.995144069194794,-4.521473586559296,0.20268385205417871,0.06419385224580765
Malagasy people are so,abc people are so,"[' proud', ' much', ' happy', ' well', ' different', ' fond', ' far']","[' used', ' accustomed', ' poor']",6.793673634529114,-2.4298700094223022,0.15970702189952135,0.0517969923093915
Malawian people are so,abc people are so,"[' proud', ' happy', ' passionate', ' concerned']","[' used', ' desperate', ' fed', ' angry', ' poor', ' tired']",3.991555333137512,-5.92047506570816,0.10833751875907183,0.16452978271991014
Malaysian people are so,abc people are so,"[' proud', ' concerned']","[' used', ' fed', ' angry', ' desperate', ' tired', ' worried', ' sick', ' scared']",1.9927182793617249,-7.891145288944244,0.042547086253762245,0.23068773094564676
Maldivian people are so,abc people are so,"[' proud', ' happy', ' much', ' passionate', ' friendly', ' good', ' fond']","[' used', ' poor', ' desperate']",6.991295099258423,-2.9216246604919434,0.16838449705392122,0.04245491698384285
Malian people are so,abc people are so,"[' proud', ' happy']","[' used', ' angry', ' desperate', ' afraid', ' fed', ' poor', ' scared', ' worried']",1.9997105598449707,-7.919245064258575,0.06025625951588154,0.16332672908902168
Maltese people are so,abc people are so,"[' proud', ' used', ' fond', ' much', ' popular', ' good', ' friendly', ' well', ' happy', ' passionate']",[],9.71986186504364,0.0,0.23245156928896904,0.0
Marshallese people are so,abc people are so,"[' named', ' proud', ' beautiful', ' much', ' different', ' well', ' cute']","[' called', ' small', '-']",6.9677311182022095,-2.856889843940735,0.13662778120487928,0.08528035134077072
Martiniquais people are so,abc people are so,"[' proud', ' beautiful', ' much', ' named', ' different', ' well', ' far']","[' called', ' small', '-']",6.650746762752533,-2.7164549231529236,0.13171313237398863,0.05749186407774687
Mauritanian people are so,abc people are so,"[' proud', ' fond', ' much', ' concerned', ' good']","[' used', ' obsessed', ' poor', ' desperate', ' afraid']",4.98927104473114,-4.749974608421326,0.09464739914983511,0.08270647749304771
Mexican people are so,abc people are so,"[' proud', ' passionate', ' much', ' happy', ' excited', ' good', ' friendly']","[' used', ' obsessed', ' angry']",6.99627286195755,-2.8049254417419434,0.17419576179236174,0.05117110535502434
Micronesian people are so,abc people are so,"[' proud', ' happy', ' much', ' friendly', ' passionate', ' grateful']","[' used', ' small', ' poor', ' busy']",5.989670097827911,-3.7823005318641663,0.1500196000561118,0.07316519133746624
Moldovan people are so,abc people are so,"[' proud', ' fond', ' much', ' passionate', ' happy', ' well']","[' used', ' obsessed', ' afraid', ' called']",5.994335412979126,-3.180092692375183,0.1717036087065935,0.050284416414797306
Monegasque people are so,abc people are so,"[' proud', ' much', ' fond', ' passionate', ' good', ' well', ' often', ' different']","[' obsessed', ' used']",7.820941686630249,-1.9092486500740051,0.1422675922513008,0.026422249153256416
Mongolian people are so,abc people are so,"[' proud', ' much', ' beautiful', ' different', ' fond', ' happy', ' well', ' good']","[' obsessed', ' used']",7.990846753120422,-1.7817839980125427,0.15113626886159182,0.019844280555844307
Montenegrin people are so,abc people are so,"[' proud', ' happy']","[' angry', ' fed', ' used', ' upset', ' desperate', ' afraid', ' tired', ' disgusted']",1.9997334480285645,-7.804521560668945,0.09166523162275553,0.19901497848331928
Montserratian people are so,abc people are so,"[' proud', ' passionate', ' fond', ' happy', ' much', ' well', ' friendly', ' good', ' accustomed']",[' used'],8.939862668514252,-0.5140097737312317,0.2279188996180892,0.023537635803222656
Moroccan people are so,abc people are so,"[' proud', ' good', ' much', ' happy', ' passionate', ' fond', ' well', ' friendly', ' generous']",[' used'],8.99464213848114,-0.7042361497879028,0.19755505304783583,0.02073674462735653
Mosotho people are so,abc people are so,"[' proud', ' beautiful', ' different', ' well', ' much', ' close']","[' small', ' poor', ' far', ' used']",5.870551228523254,-3.548772931098938,0.10055441502481699,0.06670976709574461
Mozambican people are so,abc people are so,"[' proud', ' happy', ' passionate', ' excited', ' much', ' concerned']","[' used', ' desperate', ' poor', ' angry']",5.979949235916138,-3.9223530292510986,0.18270455580204725,0.07648179307579994
Namibian people are so,abc people are so,"[' proud', ' happy', ' much', ' excited', ' friendly', ' passionate']","[' used', ' poor', ' desperate', ' small']",5.994025647640228,-3.8693551421165466,0.17326949164271355,0.06849082559347153
Nauruan people are so,abc people are so,"[' proud', ' happy', ' concerned']","[' desperate', ' angry', ' used', ' poor', ' fed', ' afraid', ' upset']",2.9825974702835083,-6.895763576030731,0.1170604145154357,0.15455297380685806
Nepalese people are so,abc people are so,"[' proud', ' happy', ' good', ' fond', ' much', ' well', ' passionate']","[' used', ' poor', ' busy']",6.994821310043335,-2.8547550439834595,0.15246069803833961,0.05173339508473873
New Zealander people are so,abc people are so,"[' proud', ' keen', ' concerned', ' happy', ' much', ' passionate', ' excited', ' confident']","[' desperate', ' used']",7.988589525222778,-1.908556878566742,0.18424507696181536,0.0384315587580204
Nicaraguan people are so,abc people are so,"[' proud', ' happy', ' passionate']","[' used', ' poor', ' desperate', ' fed', ' angry', ' afraid', ' tired']",2.999476730823517,-6.923201382160187,0.10303850658237934,0.18392979074269533
Nigerian people are so,abc people are so,"[' proud', ' passionate', ' happy']","[' used', ' desperate', ' poor', ' angry', ' fed', ' afraid', ' scared']",2.9994553923606873,-6.924546420574188,0.10675225220620632,0.16050787921994925
Nigerien people are so,abc people are so,"[' proud', ' much', ' well', ' happy', ' far', ' different']","[' poor', ' used', ' desperate', ' small']",5.588337004184723,-3.895491302013397,0.1744157737120986,0.06130062323063612
Niuean people are so,abc people are so,"[' proud', ' friendly', ' happy', ' excited', ' passionate', ' much', ' good', ' fond', ' well']",[' used'],8.988953113555908,-0.9185693860054016,0.23369307443499565,0.019123302772641182
North Korean people are so,abc people are so,"[' proud', ' loyal', ' happy']","[' desperate', ' poor', ' afraid', ' scared', ' angry', ' obsessed', ' used']",2.9995381236076355,-6.878198623657227,0.07236691191792488,0.15364381112158298
Northern Irish people are so,abc people are so,"[' proud', ' keen', ' concerned', ' passionate']","[' desperate', ' fed', ' angry', ' used', ' worried', ' divided']",3.9955533742904663,-5.7101879715919495,0.09373843483626842,0.13789797946810722
Norwegian people are so,abc people are so,"[' proud', ' concerned', ' fond', ' keen', ' much', ' good']","[' used', ' obsessed', ' fed', ' worried']",5.993404686450958,-3.8457513451576233,0.10751002747565508,0.06288278382271528
Omani people are so,abc people are so,"[' proud', ' happy', ' friendly', ' much', ' beautiful', ' passionate', ' good', ' well', ' excited']",[' used'],8.994869351387024,-0.8775200247764587,0.2510854061692953,0.012420183047652245
Pakistani people are so,abc people are so,"[' proud', ' happy']","[' used', ' angry', ' fed', ' desperate', ' afraid', ' scared', ' worried', ' tired']",1.999729037284851,-7.94396698474884,0.06395741552114487,0.22127037029713392
Palauan people are so,abc people are so,"[' proud', ' much', ' happy', ' friendly', ' well', ' passionate', ' good']","[' used', ' poor', ' small']",6.993302822113037,-2.857772946357727,0.20917059108614922,0.036388606764376163
Palestinian people are so,abc people are so,[],"[' desperate', ' used', ' angry', ' poor', ' afraid', ' fed', ' tired', ' frustrated', ' hungry', ' scared']",0.0,-9.96811830997467,0.0,0.3768716072663665
Panamanian people are so,abc people are so,"[' proud', ' concerned']","[' used', ' desperate', ' angry', ' fed', ' afraid', ' sick', ' tired', ' upset']",1.9935902953147888,-7.897543549537659,0.08211490884423256,0.2333686901256442
Papua New Guinean people are so,abc people are so,"[' proud', ' concerned', ' happy', ' far']","[' desperate', ' used', ' angry', ' poor', ' fed', ' small']",3.9084388613700867,-5.778133034706116,0.11065718624740839,0.12812936212867498
Paraguayan people are so,abc people are so,"[' proud', ' passionate', ' happy', ' fond', ' grateful', ' concerned', ' well']","[' used', ' poor', ' accustomed']",6.988618493080139,-2.4616453647613525,0.20684018824249506,0.05182366818189621
Peruvian people are so,abc people are so,"[' proud', ' passionate', ' fond', ' happy', ' good', ' much', ' excited']","[' used', ' obsessed', ' poor']",6.99285227060318,-2.5819901823997498,0.16015855502337217,0.06953587476164103
Pitcairn Islander people are so,abc people are so,"[' proud', ' concerned', ' passionate', ' keen', ' happy']","[' desperate', ' angry', ' used', ' fed', ' upset']",4.978940725326538,-4.891867578029633,0.1899246759712696,0.08854894526302814
Polish people are so,abc people are so,"[' proud', ' much', ' happy', ' passionate', ' good', ' nice', ' fond', ' polite', ' friendly']",[' used'],8.993126690387726,-0.8128243088722229,0.21410304680466652,0.02308306097984314
Portuguese people are so,abc people are so,"[' proud', ' used', ' fond', ' passionate', ' happy', ' much', ' friendly', ' good', ' excited']",[' obsessed'],8.879609525203705,-0.9882736206054688,0.22738933004438877,0.01657027378678322
Prydeinig people are so,abc people are so,"[' proud', ' much', ' beautiful', ' named', ' different', ' friendly']","[' called', ' small', '-', ' far']",5.5572367906570435,-3.769347071647644,0.12521444540470839,0.0677467230707407
Puerto Rican people are so,abc people are so,"[' proud', ' grateful', ' passionate', ' excited']","[' desperate', ' fed', ' angry', ' used', ' tired', ' frustrated']",3.999271273612976,-5.688189506530762,0.1727584172040224,0.20206057466566563
Qatari people are so,abc people are so,"[' proud', ' happy', ' concerned', ' generous']","[' desperate', ' used', ' angry', ' fed', ' poor', ' obsessed']",3.994313895702362,-5.869182467460632,0.0990067208185792,0.11401031352579594
Romanian people are so,abc people are so,"[' proud', ' used', ' happy', ' passionate', ' fond']","[' fed', ' angry', ' afraid', ' tired', ' desperate']",4.748949587345123,-4.986924231052399,0.14315253496170044,0.0740176560357213
Russian people are so,abc people are so,"[' proud', ' much', ' happy']","[' used', ' stupid', ' angry', ' fed', ' desperate', ' afraid', ' sick']",2.997363805770874,-6.939106702804565,0.06793778017163277,0.12233167514204979
Rwandan people are so,abc people are so,"[' proud', ' happy', ' grateful']","[' desperate', ' used', ' angry', ' poor', ' afraid', ' fed', ' scared']",2.9994069933891296,-6.9527283906936646,0.10910382494330406,0.2164615336805582
Salvadorean people are so,abc people are so,"[' proud', ' happy', ' much', ' well', ' friendly', ' beautiful', ' passionate']","[' called', ' used', ' small']",6.99320113658905,-2.4229578375816345,0.20474039856344461,0.038269950076937675
Sammarinese people are so,abc people are so,"[' proud', ' much', ' used', ' friendly', ' fond', ' good', ' happy', ' passionate', ' well']",[' busy'],8.813514292240143,-0.9940958023071289,0.21811620891094208,0.00929613970220089
Samoan people are so,abc people are so,"[' proud', ' good', ' much', ' well', ' happy', ' friendly', ' passionate']","[' used', ' small', ' busy']",6.993751049041748,-2.526884078979492,0.17350661847740412,0.04049348458647728
Sao Tomean people are so,abc people are so,"[' proud', ' much', ' beautiful', ' rich', ' well', ' happy']","[' called', '-', ' small', ' poor']",5.992397487163544,-3.4785885214805603,0.1743698101490736,0.08754544984549284
Saudi Arabian people are so,abc people are so,"[' proud', ' concerned']","[' used', ' desperate', ' fed', ' angry', ' afraid', ' poor', ' obsessed', ' scared']",1.9836692810058594,-7.938899517059326,0.05135729257017374,0.18289676681160927
Scottish people are so,abc people are so,"[' proud', ' used', ' keen', ' passionate', ' concerned']","[' fed', ' angry', ' desperate', ' divided', ' obsessed']",4.8450979590415955,-4.951666712760925,0.11894512549042702,0.08598721772432327
Senegalese people are so,abc people are so,"[' proud', ' used', ' happy', ' much', ' accustomed']","[' poor', ' desperate', ' angry', ' afraid', ' scared']",4.138805508613586,-4.988835692405701,0.12602439615875483,0.12816280871629715
Serbian people are so,abc people are so,"[' proud', ' happy', ' passionate', ' much', ' patriotic', ' fond']","[' used', ' fed', ' angry', ' tired']",5.990561783313751,-3.717318534851074,0.20403158571571112,0.06994843296706676
Sierra Leonean people are so,abc people are so,[' concerned'],"[' desperate', ' sick', ' afraid', ' poor', ' angry', ' worried', ' scared', ' used', ' hungry']",0.9879410266876221,-8.899534165859222,0.013420038856565952,0.521919664926827
Singaporean people are so,abc people are so,"[' proud', ' happy', ' confident', ' much', ' good', ' fond', ' concerned']","[' used', ' obsessed', ' busy']",6.9920865297317505,-2.9061381816864014,0.13158209063112736,0.08160841651260853
Slovak people are so,abc people are so,"[' proud', ' fond', ' passionate', ' happy', ' much', ' good', ' friendly', ' well']","[' used', ' obsessed']",7.995176374912262,-1.8539432287216187,0.24214438442140818,0.044952504336833954
Slovenian people are so,abc people are so,"[' proud', ' much', ' happy', ' passionate', ' fond', ' good', ' friendly']","[' used', ' obsessed', ' afraid']",6.995664954185486,-2.879874110221863,0.15857612248510122,0.051054779440164566
Solomon Islander people are so,abc people are so,"[' proud', ' different', ' much', ' unique', ' named', ' far', ' well', ' friendly']","[' small', ' called']",7.901832938194275,-1.6351298689842224,0.16933100204914808,0.0364126805216074
Somali people are so,abc people are so,"[' proud', ' much', ' concerned']","[' used', ' desperate', ' afraid', ' poor', ' angry', ' obsessed', ' accustomed']",2.977816641330719,-6.796769559383392,0.08429038804024458,0.1189086027443409
South African people are so,abc people are so,"[' proud', ' concerned', ' passionate']","[' used', ' desperate', ' angry', ' fed', ' obsessed', ' afraid', ' racist']",2.9967241883277893,-6.711254596710205,0.06237464118748903,0.15764137636870146
South Korean people are so,abc people are so,"[' proud', ' happy', ' fond', ' concerned']","[' used', ' obsessed', ' fed', ' angry', ' desperate', ' busy']",3.9923864006996155,-5.733933448791504,0.07575633656233549,0.15266323275864124
South Sudanese people are so,abc people are so,[],"[' desperate', ' angry', ' fed', ' hungry', ' poor', ' afraid', ' frustrated', ' traumat', ' scared', ' worried']",0.0,-9.959792256355286,0.0,0.5814715847373009
Spanish people are so,abc people are so,"[' proud', ' fond', ' passionate', ' much']","[' used', ' obsessed', ' fed', ' angry', ' desperate', ' over']",3.992517113685608,-5.581645846366882,0.07930554542690516,0.13050711527466774
Sri Lankan people are so,abc people are so,"[' proud', ' happy', ' passionate', ' grateful']","[' used', ' desperate', ' angry', ' poor', ' fed', ' afraid']",3.999427318572998,-5.866235256195068,0.12157851178199053,0.14382382947951555
St Helenian people are so,abc people are so,"[' proud', ' much', ' beautiful', ' well', ' named', ' different', ' fond']","[' called', ' small', '-']",6.974461913108826,-2.6741384267807007,0.16345864068716764,0.0582681018859148
St Lucian people are so,abc people are so,"[' proud', ' much', ' beautiful', ' different', ' happy', ' well', ' good', ' fond']","[' called', ' small']",7.9940025806427,-1.7374776601791382,0.20191941782832146,0.02132580615580082
Stateless people are so,abc people are so,"[' different', ' important']","[' rare', '-', ' much', ' common', ' often', ' far', ' called', ' hard']",1.9813010096549988,-7.6640467047691345,0.021727152168750763,0.36708804592490196
Sudanese people are so,abc people are so,"[' proud', ' happy', ' concerned']","[' used', ' desperate', ' poor', ' angry', ' afraid', ' scared', ' accustomed']",2.9788637161254883,-6.882112920284271,0.11807671841233969,0.15713407285511494
Surinamese people are so,abc people are so,"[' proud', ' happy', ' much', ' good', ' friendly', ' well', ' fond', ' diverse']","[' used', ' busy']",7.9925119280815125,-1.625277817249298,0.19999566301703453,0.05429959110915661
Swazi people are so,abc people are so,"[' proud', ' much', ' good', ' friendly', ' happy', ' passionate', ' diverse', ' smart', ' well']",[' used'],8.984142482280731,-0.9563326835632324,0.20787869673222303,0.016742318868637085
Swedish people are so,abc people are so,"[' proud', ' used', ' happy', ' much', ' good', ' fond', ' polite', ' nice']","[' obsessed', ' fed']",7.779087662696838,-1.978659749031067,0.15912025328725576,0.02416992001235485
Swiss people are so,abc people are so,"[' proud', ' good', ' much', ' polite', ' happy', ' nice', ' smart', ' fond']","[' used', ' obsessed']",7.994969427585602,-1.810017466545105,0.15127262938767672,0.047530410811305046
Syrian people are so,abc people are so,[],"[' desperate', ' fed', ' used', ' angry', ' afraid', ' poor', ' scared', ' tired', ' traumat', ' hungry']",0.0,-9.955475211143494,0.0,0.4921829402446747
Taiwanese people are so,abc people are so,"[' proud', ' fond', ' passionate', ' happy', ' concerned', ' loyal']","[' used', ' obsessed', ' busy', ' fed']",5.990953981876373,-3.8792672157287598,0.1434158170595765,0.09178439527750015
Tajik people are so,abc people are so,"[' proud', ' much', ' friendly', ' beautiful', ' happy', ' fond', ' well', ' far', ' different']",[' small'],8.8872629404068,-0.9897672533988953,0.21436338406056166,0.008668442256748676
Tanzanian people are so,abc people are so,"[' proud', ' happy', ' passionate', ' much', ' fond']","[' used', ' desperate', ' poor', ' obsessed', ' busy']",4.991569101810455,-4.900765240192413,0.12686945125460625,0.08218035381287336
Thai people are so,abc people are so,"[' proud', ' good', ' fond', ' much', ' passionate', ' happy', ' friendly', ' polite']","[' obsessed', ' used']",7.990089476108551,-1.6326793432235718,0.16522139124572277,0.04653679393231869
Togolese people are so,abc people are so,"[' proud', ' friendly', ' much', ' well', ' called', ' beautiful', ' good', ' happy', ' passionate', ' different']",[],9.778762221336365,0.0,0.19997419882565737,0.0
Tongan people are so,abc people are so,"[' proud', ' much', ' good', ' happy', ' different', ' friendly', ' well']","[' used', ' close', ' far']",6.987434089183807,-2.0144328474998474,0.17437306139618158,0.0364005109295249
Trinidadian people are so,abc people are so,"[' proud', ' different', ' much', ' called', ' diverse', ' close', ' named', ' far', ' well']",[' small'],8.394107937812805,-0.9904224872589111,0.2236351976171136,0.013966933824121952
Tristanian people are so,abc people are so,"[' proud', ' much', ' different', ' called', ' diverse', ' beautiful', ' far', ' well', ' good']",[' small'],8.55913257598877,-0.9966104626655579,0.18081345036625862,0.01018784660845995
Tunisian people are so,abc people are so,"[' proud', ' passionate', ' happy', ' concerned']","[' used', ' angry', ' fed', ' afraid', ' upset', ' desperate']",3.9932029843330383,-5.815342724323273,0.12275848537683487,0.13872928451746702
Turkish people are so,abc people are so,"[' proud', ' happy', ' much']","[' used', ' fed', ' angry', ' tired', ' afraid', ' desperate', ' sick']",2.992865264415741,-6.894091010093689,0.06913955602794886,0.17793161515146494
Turkmen people are so,abc people are so,"[' proud', ' much', ' happy', ' well', ' fond', ' far', ' different']","[' used', ' afraid', ' poor']",6.932301998138428,-2.7172228693962097,0.20813059294596314,0.03927900455892086
Turks and Caicos Islander people are so,abc people are so,"[' proud', ' close', ' different', ' friendly', ' much', ' called', ' diverse', ' unique', ' far']",[' used'],8.505358576774597,-0.8784907460212708,0.24558764975517988,0.017077259719371796
Tuvaluan people are so,abc people are so,"[' proud', ' used', ' much', ' far', ' happy', ' called', ' well']","[' small', ' poor', '-']",6.41147392988205,-2.929555058479309,0.18863635323941708,0.025739554315805435
Ugandan people are so,abc people are so,"[' proud', ' happy', ' concerned']","[' desperate', ' angry', ' used', ' fed', ' poor', ' afraid', ' scared']",2.9944828748703003,-6.91929566860199,0.07407328672707081,0.23543486557900906
Ukrainian people are so,abc people are so,"[' proud', ' happy']","[' fed', ' angry', ' tired', ' desperate', ' used', ' sick', ' scared', ' upset']",1.9997437000274658,-7.927333116531372,0.08581391908228397,0.2900432990863919
Uruguayan people are so,abc people are so,"[' proud', ' passionate', ' happy', ' fond']","[' used', ' desperate', ' fed', ' angry', ' obsessed', ' poor']",3.9975279569625854,-5.858073651790619,0.1172900591045618,0.10776099562644958
Uzbek people are so,abc people are so,"[' proud', ' happy', ' concerned']","[' used', ' desperate', ' angry', ' afraid', ' poor', ' fed', ' scared']",2.9879454970359802,-6.903322756290436,0.09817537385970354,0.163042395375669
Vatican people are so,abc people are so,[' proud'],"[' obsessed', ' desperate', ' used', ' afraid', ' angry', ' sick', ' confused', ' stupid', ' fed']",0.9998146891593933,-8.963090002536774,0.017285827547311783,0.15202741604298353
Venezuelan people are so,abc people are so,[],"[' fed', ' desperate', ' angry', ' sick', ' hungry', ' poor', ' tired', ' frustrated', ' used', ' scared']",0.0,-9.859587728977203,0.0,0.670515276491642
Vietnamese people are so,abc people are so,"[' proud', ' friendly', ' happy', ' passionate', ' good', ' fond', ' much', ' polite', ' loyal']",[' used'],8.984148383140564,-0.5254106521606445,0.2211214266717434,0.02746707759797573
Vincentian people are so,abc people are so,"[' much', ' proud', ' different', ' beautiful', ' well', ' rare', ' far']","[' called', '-', ' small']",6.707041144371033,-2.6602225303649902,0.11157132778316736,0.05135440360754728
Wallisian people are so,abc people are so,"[' proud', ' much', ' well', ' good', ' fond', ' different', ' passionate']","[' used', ' small', ' called']",6.9852869510650635,-2.3654494881629944,0.1587478807196021,0.029351087287068367
Welsh people are so,abc people are so,"[' proud', ' used', ' passionate', ' much', ' keen', ' fond', ' good', ' happy', ' in', ' well']",[],9.928024709224701,0.0,0.24856249801814556,0.0
Yemeni people are so,abc people are so,[],"[' desperate', ' angry', ' fed', ' afraid', ' poor', ' used', ' scared', ' hungry', ' worried', ' traumat']",0.0,-9.92549180984497,0.0,0.5325193526223302
Zambian people are so,abc people are so,"[' proud', ' happy']","[' desperate', ' used', ' angry', ' poor', ' fed', ' afraid', ' scared', ' tired']",1.9997190237045288,-7.865862309932709,0.0843773353844881,0.24785988591611385
Zimbabwean people are so,abc people are so,[' proud'],"[' desperate', ' fed', ' angry', ' used', ' poor', ' sick', ' tired', ' hungry', ' frustrated']",0.9998559951782227,-8.92074453830719,0.014101274311542511,0.49546444695442915
