gpt2_large_pos_DSS1,gpt2_large_neg_DSS1,gpt2_large_pos_DSS2,gpt2_large_neg_DSS2,gpt2_large_FB_GSS1,gpt2_large_FB_GSS2,gpt2_large_MB_GSS1,gpt2_large_MB_GSS2
m35->logits,m35->logits,m0->m4,m34->m35,m35->logits,m35->logits,m35->logits,m35->logits
m33->m35,m33->m35,m0->m2,m35->logits,a33.h11->logits,a32.h2->logits,a33.h11->logits,a33.h11->logits
m32->logits,m32->logits,m12->m14,m34->logits,m33->logits,a33.h11->logits,m33->logits,a32.h2->logits
a32.h2->logits,a32.h2->logits,m12->m13,a34.h2->logits,a34.h2->logits,a34.h2->logits,a34.h2->logits,a34.h2->logits
m33->logits,m33->logits,m34->m35,m33->m35,a32.h2->logits,m34->m35,a32.h2->logits,m34->m35
m34->logits,a34.h2->logits,m7->m10,a34.h2->m35,a33.h11->m35,a32.h2->m35,a33.h11->m35,a33.h11->m35
a34.h2->logits,a34.h2->m35,m12->a14.h1<v>,a33.h11->logits,m34->m35,a33.h11->m35,m34->m35,a32.h2->m35
m34->m35,m31->m35,m11->m12,a32.h2->logits,a34.h2->m35,a34.h2->m35,a34.h2->m35,m33->logits
a34.h2->m35,a33.h11->m35,m0->m12,m28->logits,a32.h2->m35,m33->logits,a32.h2->m35,a34.h2->m35
m31->m35,a33.h11->logits,m12->a15.h19<v>,m32->logits,m33->m35,m32->logits,m33->m35,m32->logits
a33.h11->m35,a32.h2->m35,m0->m18,a35.h17->logits,m32->logits,m34->logits,m32->logits,m34->logits
a32.h2->m35,m34->logits,m12->a13.h3<v>,a33.h11->m35,m22->logits,m22->logits,m22->logits,m22->logits
a33.h11->logits,m34->m35,m0->m9,a32.h2->m35,m34->logits,m27->logits,m34->logits,m27->logits
m0->m1,m31->logits,m4->m8,m20->m35,a35.h17->logits,m24->logits,a35.h17->logits,m24->logits
m31->logits,m32->m33,m2->m6,m25->m35,m23->logits,m8->logits,m23->logits,m8->logits
m32->m33,m8->m35,m32->logits,m15->logits,m24->logits,a35.h17->logits,m24->logits,a35.h17->logits
m4->m7,m25->m35,m33->m35,m30->logits,m8->logits,m23->logits,m8->logits,m33->m35
m8->m35,m0->m1,m32->m33,m8->m35,m20->m35,m13->logits,m27->logits,m23->logits
m0->m18,m0->m18,m0->m7,m33->logits,m27->logits,m33->m35,m20->m35,m13->logits
m10->m12,m9->m10,m7->m9,m21->logits,m13->logits,m8->m35,m8->m35,m31->logits
m1->m6,m0->m4,m1->m6,m13->logits,m8->m35,m31->logits,m13->logits,m8->m35
m25->m35,m4->m8,m6->m9,m22->logits,a26.h2->logits,m25->logits,a26.h2->logits,m25->logits
m32->m35,m32->m35,a34.h2->m35,a26.h2->logits,a22.h7->logits,m28->logits,a22.h7->logits,m28->logits
m0->m4,m10->m12,m11->m14,a35.h17->m35,m15->logits,m20->m35,m2->logits,m20->m35
m29->m35,m25->logits,m12->m15,m2->logits,a33.h11->m34,a26.h2->logits,a33.h11->m34,m2->logits
m4->m8,m20->m21,m10->m15,m13->m35,m2->logits,m2->logits,m15->logits,a26.h2->logits
m20->m21,a11.h0->m11,m7->m8,m16->m35,m20->logits,m20->logits,m20->logits,m20->logits
m1->m2,m29->m35,m11->m13,m25->logits,a35.h17->m35,m25->m35,m25->m35,m25->m35
a11.h0->m11,m4->m7,m17->logits,m8->logits,m25->m35,m15->logits,m25->logits,m15->logits
m9->m10,m0->m7,m12->a13.h10<v>,m30->m35,a34.h2->m34,m13->m35,a35.h17->m35,a22.h7->logits
m27->m35,m24->logits,m31->logits,m29->logits,m17->logits,a22.h7->logits,m17->logits,m13->m35
m0->m7,m27->m35,m9->m10,m17->logits,m25->logits,a35.h17->m35,a34.h2->m34,m29->logits
m25->logits,m9->m11,m15->m18,m0->logits,m13->m35,m21->logits,m31->logits,a33.h11->m34
m23->m35,a35.h17->logits,m6->m10,m23->m35,m31->logits,a33.h11->m34,m13->m35,a35.h17->m35
m13->m16,a32.h7->logits,a34.h2->logits,a26.h2->m35,m16->logits,m22->m35,m29->logits,m22->m35
m6->m8,m11->m14,m0->logits,m9->logits,m29->logits,m29->logits,m16->logits,m21->logits
m0->m9,m13->m17,m2->m4,m23->logits,a26.h2->m35,a34.h2->m34,m28->logits,a34.h2->m34
m8->logits,m23->m35,m1->m14,m31->logits,m23->m35,a32.h2->m34,a26.h2->m35,a32.h2->m34
m17->m21,m28->logits,m11->m18,m1->logits,m17->m35,m16->m35,m30->logits,m16->m35
a35.h17->logits,m8->m14,m3->m9,m6->logits,m16->m35,a32.h4->logits,m17->m35,a26.h2->m35
m7->m13,a35.h17->m35,a32.h2->m35,m10->logits,a32.h2->m34,a26.h2->m35,a32.h2->m34,m7->logits
m10->m15,m0->m2,a0.h3->m0,m4->logits,m28->logits,m7->logits,m23->m35,a32.h4->logits
m13->m15,m10->m15,m1->m18,m31->m34,m9->m35,m17->logits,m9->logits,m32->m35
a35.h17->m35,m6->m8,m6->m17,a34.h2->m34,m30->logits,m16->logits,m16->m35,m27->m35
m24->logits,m13->m35,m20->m21,m1->m35,m9->logits,m27->m35,m9->m35,m17->logits
m28->logits,m17->m18,m14->m17,m7->m35,m1->m35,m10->logits,m1->m35,m16->logits
m8->m14,m1->m11,m0->m6,input->logits,m22->m35,m7->m35,m6->logits,m10->logits
a32.h7->logits,m1->m6,m19->m21,input->m0,m10->logits,m32->m35,m22->m35,m7->m35
m11->m14,m6->logits,m0->a2.h10<q>,m24->logits,m6->logits,m17->m35,m10->logits,m6->logits
m17->m18,m8->logits,a11.h0->logits,m20->m34,a35.h3->logits,m6->logits,m0->m35,m17->m35
m1->m11,m13->m16,m10->m16,m9->m35,m0->m35,m1->m35,a35.h3->logits,m2->m35
m6->logits,m31->m33,a11.h0->m11,m32->m34,m21->logits,m2->m35,m21->logits,m9->logits
m10->m11,m17->m21,m14->m16,m0->m4,a22.h7->m35,m23->m35,m2->m35,m1->m35
m1->m10,m7->m13,m25->m35,m31->m32,m2->m35,m9->logits,m7->logits,m23->m35
m13->m17,m8->m10,a32.h2->logits,a29.h4->m35,m4->logits,m24->m35,m4->logits,m24->m35
m0->m6,m13->m15,m6->m13,m11->m12,m7->logits,m11->logits,a22.h7->m35,m11->logits
m5->m6,input->m0,a33.h11->m35,m15->m35,input->logits,a35.h3->logits,input->logits,m30->logits
m3->m9,a33.h18->logits,m3->m11,a0.h14->logits,m12->m35,m12->m35,m12->m35,a35.h3->logits
m13->m35,m9->m15,a0.h14->m0,m23->m26,m1->logits,input->logits,m0->logits,m4->logits
m1->m8,a26.h2->m35,m8->m35,m22->m35,m0->logits,m9->m35,m1->logits,input->logits
m31->m33,m17->m28,m10->m11,m31->m35,m0->m1,m4->logits,m14->m35,m9->m35
m22->m35,m3->m9,m13->m18,m19->logits,m14->m35,m24->m34,m32->m35,m0->m35
a26.h2->m35,m32->m34,input->m0,m20->m26,a29.h4->m35,m0->m35,m11->logits,m12->m35
m0->m26,m33->m34,m2->logits,m30->m34,a35.h3->m35,m30->logits,a0.h14->logits,m24->m34
m17->m28,m10->m17,a10.h12->m12,m14->m35,m24->m34,m14->m35,a35.h3->m35,a22.h7->m35
m33->m34,m27->logits,m0->a4.h2<q>,a28.h15->logits,a0.h14->logits,a22.h7->m35,m24->m34,m14->m35
m32->m34,m9->logits,m12->a16.h14<v>,m7->m28,m24->m35,a0.h14->logits,m24->m35,m26->logits
m11->logits,m22->m27,m5->m12,m2->m35,m11->logits,m19->logits,a29.h4->m35,m3->logits
a11.h0->logits,m2->logits,a0.h10->m0,a32.h2->m34,m32->m35,m3->logits,m7->m35,m1->logits
m22->m27,m22->m35,a4.h0->m4,m0->m2,m7->m35,m26->logits,a34.h11->logits,a0.h14->logits
a11.h0->m17,m29->logits,m1->m12,m27->logits,m20->m34,m1->logits,m20->m34,m29->m35
m27->logits,m1->m13,m0->m8,a31.h3->logits,a34.h11->logits,m29->m35,m0->m1,m19->logits
m10->m17,a11.h0->logits,input->a0.h14<v>,a34.h8->logits,a10.h12->logits,m0->logits,a10.h12->logits,m0->logits
m9->logits,m10->m35,m5->m7,m12->m35,a32.h4->logits,m20->m34,m29->m35,m20->m34
m1->m13,m0->m20,m23->m25,a26.h5->logits,m3->logits,a31.h15->logits,m3->logits,m28->m35
input->m0,a11.h0->m17,a11.h0->m17,a33.h11->m34,m29->m35,a35.h3->m35,a32.h4->logits,m33->m34
a10.h14->m10,m11->logits,m0->m3,m22->m34,a29.h4->logits,a10.h12->logits,a32.h7->logits,a10.h12->logits
m0->m10,m1->m3,m27->logits,m25->m26,m31->m32,m24->m31,m26->logits,a35.h3->m35
m10->m35,a0.h3->m0,m14->logits,m16->m29,a32.h7->logits,m33->m34,m27->m35,a31.h15->logits
m2->logits,m1->m18,m12->m19,m6->m10,m26->logits,m30->m31,a29.h4->logits,m24->m31
m29->logits,m7->m10,a33.h11->logits,m21->m24,a11.h3->logits,m28->m35,a11.h3->logits,m30->m31
m0->m15,input->a0.h9<v>,m15->m19,m28->m35,m6->m35,a29.h4->m35,m31->m32,m30->m34
m0->m20,m1->m2,m12->logits,m24->m34,m27->m35,m30->m34,m6->m35,m31->m35
m6->m10,a4.h0->m4,m1->m20,a30.h7->logits,m24->m31,a11.h3->logits,m24->m31,a29.h4->m35
m9->m15,m1->m8,m3->m7,m21->m35,m30->m31,m5->m35,m5->logits,m5->m35
a0.h3->m0,m30->logits,m13->m17,m25->m34,a0.h14->m35,a34.h11->logits,m30->m31,a11.h3->logits
m6->m7,m3->m11,m10->logits,m17->m32,a31.h15->logits,a32.h7->logits,a0.h14->m35,a34.h11->logits
m2->m10,m4->m13,m18->logits,m29->m34,m4->m35,m31->m35,m4->m35,a32.h7->logits
m11->m13,m1->m5,m5->m9,m21->m28,m5->logits,m19->m35,a34.h11->m35,m31->m32
m16->m19,m2->m5,m6->logits,m23->m30,m5->m35,m13->m34,m5->m35,m19->m35
m4->m13,m10->m11,m2->m5,m20->m32,m22->m34,m31->m32,m22->m34,a0.h14->m35
m8->m10,m16->m18,m16->m18,m20->m29,m20->m32,a0.h14->m35,a15.h11->logits,m13->m34
m13->m28,m15->m18,m24->m27,m7->logits,a15.h11->logits,m23->m33,m20->m32,m23->m33
a4.h0->m4,m12->m17,m8->m12,a32.h7->logits,a34.h11->m35,m30->m35,a35.h2->m35,m27->m28
m10->m24,m0->m15,m7->m13,a34.h11->logits,m23->m33,m27->m28,m23->m33,m4->m35
m9->m11,m0->m26,m0->m1,m32->m33,a35.h2->m35,a29.h4->logits,a31.h15->logits,a29.h4->logits
m0->a4.h2<q>,m18->m19,m34->logits,m22->m26,m0->m3,m0->m1,a30.h7->logits,m20->m32
m0->m17,m3->m18,m9->m11,m13->m26,m19->logits,m20->m32,input->m35,input->m35
m20->logits,m6->m9,m18->m19,m16->m26,input->m35,m4->m35,m19->logits,m22->m25
m24->m27,m24->m27,a35.h17->m35,a7.h11->logits,m28->m31,m18->logits,m13->m34,m11->m35
m14->m15,m10->m24,m24->logits,m0->m18,a30.h7->logits,m22->m25,input->m0,m18->logits
m18->m19,m13->m24,m0->m20,m10->m23,m13->m34,input->m35,a35.h2->logits,m22->m32
m3->m18,a10.h14->m10,m1->m5,a30.h7->m35,a11.h0->logits,m11->m35,a11.h0->logits,m23->m30
m12->m17,m13->m28,m2->m8,m17->m20,m30->m35,m23->m30,m0->m3,m6->m35
m3->m15,m28->m35,m25->logits,m4->m35,m22->m25,m22->m32,m28->m31,m22->m34
a33.h18->logits,m10->m13,m4->m5,m13->m25,m0->m34,m28->m31,m22->m25,a35.h2->m35
m1->m18,m12->m20,m29->logits,m11->logits,a35.h2->logits,input->m0,m0->m34,m30->m35
a11.h0->m15,m16->m19,m3->m5,m20->m25,a30.h5->logits,m22->m34,a34.h8->logits,m28->m31
m15->m18,m0->m35,m27->m28,m11->m14,a30.h7->m35,a33.h18->logits,a7.h11->logits,input->m0
m14->m17,m14->logits,m28->logits,m15->m22,a7.h11->logits,a15.h11->logits,a30.h7->m35,a7.h11->logits
m17->m19,m0->a4.h2<q>,m17->m21,m0->m26,input->m0,a7.h11->logits,a30.h5->logits,a15.h11->logits
m23->logits,m7->m9,a4.h0->m8,a15.h1->logits,m21->m31,a6.h14->logits,a13.h5->logits,m15->m35
m2->m11,m6->m17,m4->m12,m24->m33,a13.h5->logits,m6->m35,a6.h14->logits,a6.h14->logits
m14->m20,m25->m27,a31.h3->logits,a15.h11->logits,a34.h8->logits,a35.h2->m35,m21->m31,a30.h7->logits
m15->m16,m3->m12,a6.h14->m7,m3->m4,a6.h14->logits,m15->m35,m22->m32,a13.h5->logits
m11->m27,m2->m8,m5->m15,m18->m25,m22->m32,a13.h5->logits,a28.h6->logits,a33.h18->logits
m4->m5,m15->m19,m13->m16,m27->m33,a28.h6->logits,a11.h0->logits,a1.h9->logits,m24->m28
m3->m8,m25->m26,m0->a10.h1<q>,m7->m9,a35.h13->logits,m29->m31,m28->m35,m29->m31
m6->m17,m5->m6,m3->m6,m12->m15,m19->m28,m24->m28,a35.h13->logits,a30.h9->logits
m25->m28,m18->m26,m25->m28,a4.h0->logits,a1.h9->logits,a30.h7->logits,m30->m35,a35.h13->logits
m1->m12,a31.h3->logits,m1->a4.h2<q>,m20->m24,a25.h7->logits,a35.h13->logits,a25.h7->logits,a34.h8->logits
m15->m19,m17->m25,m3->m15,m0->m35,m15->m35,a31.h12->logits,m30->m34,a34.h11->m35
m0->m21,m14->m17,m12->m17,m8->m26,m8->m32,m13->m29,m19->m28,a11.h0->logits
m17->m25,m8->m9,m31->m33,a12.h0->logits,a11.h11->m35,m27->m29,m15->m35,m13->m29
m18->m26,m10->m14,m11->m16,m18->m32,a23.h10->logits,a30.h9->logits,a23.h10->logits,m27->m29
m17->m24,m8->m24,m0->m10,m18->logits,m28->m29,m0->m34,m27->m33,a30.h7->m35
m8->m9,m1->m14,m13->m24,a11.h1->logits,a11.h0->m35,a11.h11->m35,a11.h11->m35,m0->m34
a31.h3->logits,m11->m27,m27->m35,m1->m26,m27->m33,m0->m3,a11.h0->m35,a35.h2->logits
a13.h3->m13,m2->m11,m1->m8,a22.h7->logits,m30->m34,a31.h12->m35,m24->m30,a31.h12->logits
m16->m20,m23->logits,m8->m9,a35.h2->m35,a15.h19->m35,a34.h11->m35,a27.h19->logits,a31.h12->m35
m5->m10,m25->m28,a26.h5->logits,m16->m28,a10.h19->logits,a30.h7->m35,m8->m32,a11.h11->m35
m2->m5,m11->m13,m9->m17,m5->m12,a27.h19->logits,a35.h2->logits,a15.h19->m35,a12.h12->logits
m3->m11,m0->m21,m23->m35,m0->m34,a15.h1->logits,a12.h12->logits,a15.h1->logits,a1.h9->logits
m0->a21.h0<q>,m0->m8,m14->m20,a35.h2->logits,m23->m30,a34.h8->logits,a10.h19->logits,m21->m31
m7->m18,m2->m35,m23->logits,a20.h12->logits,m13->m29,m21->m31,m13->m29,m0->m3
m1->m4,m17->m19,m2->m3,m30->m31,m24->m28,a1.h9->logits,m24->m28,m24->m30
input->logits,a0.h9->m1,m7->logits,a34.h8->m35,a15.h19->logits,m24->m30,a15.h19->logits,a23.h10->logits
m6->m9,m8->m13,m0->a6.h7<q>,a35.h13->logits,m24->m30,a23.h10->logits,m23->m30,a26.h13->m35
m12->m20,a26.h2->logits,m1->m3,m3->m11,a26.h10->logits,a26.h13->m35,a26.h13->m35,a20.h12->logits
m10->m14,input->logits,m10->a11.h2<v>,a2.h8->logits,a26.h13->m35,m15->m34,a2.h10->logits,a32.h17->logits
m14->logits,m3->m15,m9->m18,m24->m30,a17.h7->m35,a32.h17->logits,a12.h0->logits,m15->m34
m3->m14,m2->m6,a4.h0->m13,a0.h14->m35,a12.h12->logits,m27->m34,m28->m29,m27->m34
m7->m10,a26.h5->logits,m17->m19,m11->m27,a12.h0->logits,a20.h12->logits,a30.h9->logits,a27.h19->logits
m2->m35,m9->m20,m35->logits,m0->m31,a34.h8->m35,a28.h6->logits,a12.h12->logits,a28.h6->logits
m31->m34,m7->m12,m0->m25,m16->m27,m13->m33,a27.h19->logits,a34.h8->m35,m21->m32
m2->m6,m10->logits,m10->m17,m0->m27,a30.h9->logits,a11.h0->m35,a17.h7->m35,a11.h0->m35
a26.h5->logits,m1->logits,m8->m14,m21->m32,m17->m28,m21->m32,m24->m25,m19->m34
m0->m8,m3->logits,m9->m15,a32.h18->logits,a20.h12->logits,a33.h18->m35,a20.h12->logits,m17->m28
m28->m35,a11.h0->m15,a11.h2->m12,m7->m10,a2.h10->logits,m19->m34,m13->m33,a33.h18->m35
m0->m35,m4->m10,a10.h12->m11,m33->m34,m28->m35,m17->m28,a26.h10->logits,m0->m1
a0.h10->m0,m1->a4.h2<q>,m13->m35,m22->m29,m29->m31,m26->m28,m17->m28,m26->m28
m0->a11.h0<q>,m0->m9,m22->m24,m23->m28,m24->m25,m19->m29,m29->m31,m19->m29
m9->m20,m3->m14,m22->logits,m15->m18,m8->m28,m8->m32,m8->m28,a21.h1->m35
m8->m13,m7->m11,m1->a11.h11<k>,m20->m27,m27->m28,m7->m28,a33.h18->logits,m8->m32
m8->m24,a7.h11->m17,m0->a4.h2<k>,a10.h12->logits,a17.h7->logits,a25.h7->logits,a27.h19->m35,m7->m28
m16->m35,m6->m10,a7.h11->m17,a29.h4->logits,a27.h19->m35,a21.h1->m35,a17.h7->logits,m13->m33
m3->m12,m9->m12,m19->m25,a26.h2->m34,m30->m32,m13->m33,a27.h12->logits,a25.h7->logits
a26.h2->logits,a28.h6->logits,m0->m24,m4->m8,m7->m28,a30.h17->m35,m19->m33,a30.h17->m35
m1->logits,m1->m10,m3->m13,a11.h0->m11,m19->m29,m19->m28,a32.h7->m35,m19->m28
m10->m13,m1->m20,m0->a10.h5<q>,a17.h7->logits,a33.h18->logits,a15.h19->m35,m30->m32,m26->m35
m30->logits,a1.h3->m7,m3->a13.h3<v>,m10->a21.h17<v>,m19->m35,a27.h19->m35,a15.h11->m35,a15.h19->m35
m13->m24,m7->m18,m12->m28,m20->m21,a27.h12->logits,a15.h19->logits,m13->m22,a27.h19->m35
m1->a4.h2<q>,m2->m21,m16->m28,m10->m29,a15.h11->m35,m5->m33,a21.h1->m35,a15.h19->logits
m30->m33,m0->m13,m22->m35,a25.h7->logits,m17->m23,a21.h17->logits,m17->m34,m5->m33
a4.h0->m8,m0->a2.h10<q>,m8->m10,m17->m30,m19->m33,a10.h19->logits,m19->m29,m5->logits
m10->m22,m0->a10.h4<k>,m18->m27,m26->m31,m17->m34,m0->m31,m7->m28,m24->m25
m3->logits,m1->m12,m22->m27,input->m35,a21.h1->m35,m26->m35,m27->m28,m11->m30
m1->m14,m30->m33,m11->m19,m26->m28,m20->m28,m21->m25,m20->m28,a32.h7->m35
m0->a23.h11<k>,m4->logits,m0->a3.h0<v>,m12->m29,a32.h7->m35,m24->m25,m17->m23,a27.h12->logits
m0->m13,m13->m22,m12->a18.h18<v>,m9->m15,m31->m34,a11.h3->m35,a31.h12->logits,a21.h17->logits
m21->m27,m31->m34,a26.h2->m35,m20->m23,a31.h12->logits,m11->m30,m12->logits,a29.h19->logits
m0->m24,m20->logits,m20->logits,m6->m13,m13->m22,m8->m34,m15->m34,m8->m34
m25->m26,m21->m27,m25->m27,m9->m10,m15->m34,a19.h0->m35,m19->m35,a12.h0->logits
m0->a10.h4<k>,m10->m22,a0.h0->m0,m21->m26,a31.h12->m35,m24->m26,a31.h12->m35,a10.h19->logits
m5->m15,a31.h4->logits,m14->a15.h19<v>,m2->m6,a19.h0->m35,a27.h12->logits,a28.h6->m35,m0->m31
m19->m26,m0->m17,m7->m19,m20->logits,a28.h6->m35,a29.h19->logits,m0->m33,m21->m25
a3.h8->m6,m20->m35,m3->m14,m21->a24.h15<v>,a11.h3->m35,m22->m27,m31->m34,a11.h3->m35
m13->m22,a32.h2->m33,m3->m12,m25->m31,m0->m33,a29.h14->logits,a11.h3->m35,a29.h14->logits
a10.h13->m13,m3->m8,m20->m28,a7.h13->logits,a27.h14->logits,a12.h0->logits,m19->m34,a34.h8->m35
a21.h0->logits,m0->m24,m3->logits,m25->m33,m12->logits,m20->m30,a27.h14->logits,m24->m26
a7.h11->m17,m0->a21.h0<q>,m11->m24,m10->m35,m0->m31,m17->m23,m0->m31,a19.h0->m35
m0->a2.h10<q>,a34.h8->logits,a11.h10->m11,a6.h14->logits,m19->m34,a8.h3->m35,a21.h17->logits,m20->m30
m7->m8,m15->m16,a10.h12->m13,a0.h14->m0,a21.h17->logits,a32.h7->m35,a19.h0->m35,a2.h10->logits
m2->m8,m4->m14,m1->logits,a11.h0->m29,a34.h10->logits,a34.h10->logits,a34.h10->logits,a34.h10->logits
m9->m12,m0->a11.h0<q>,m0->m19,m9->m31,m22->m27,a34.h8->m35,m26->m29,m22->m27
m15->m17,m14->m20,m1->m13,m22->m28,m26->m29,m30->m32,m21->m32,a8.h3->m35
m4->m6,m4->m6,a9.h15->m11,m9->m18,m21->m32,a2.h10->logits,m13->m24,a26.h10->logits
m15->m25,m11->m15,m22->m23,m3->logits,m2->m25,a26.h10->logits,a33.h18->m35,m30->m32
m6->m15,m2->m10,m11->a13.h3<q>,m2->m25,m10->m31,m27->m33,a22.h7->m34,m13->m24
m5->m13,m9->m18,m31->m35,m0->m3,m1->m3,m9->m33,m22->m27,m17->m23
m1->a23.h11<k>,m12->m24,m9->m19,a13.h5->logits,m13->m24,m13->m24,m28->m32,m9->m33
a6.h14->m7,m24->m25,a28.h15->logits,a15.h1->m35,m15->m28,a28.h6->m35,m11->m30,m26->m32
a10.h12->m11,a0.h0->m0,m6->m7,m12->logits,a33.h18->m35,m29->m30,m15->m28,m29->m30
m9->m18,m14->m15,m7->m15,m20->m30,m11->m23,m13->m22,a2.h8->logits,a28.h6->m35
m0->a10.h1<q>,a3.h14->m6,m2->m12,m10->m26,a22.h7->m34,m12->m34,m2->m25,m17->m34
m15->m24,m7->logits,m2->m10,m13->m17,m28->m32,m17->m34,a8.h17->logits,m27->m33
m4->logits,m1->m9,m17->m25,a35.h8->logits,a25.h7->m35,m5->logits,a26.h2->m34,m13->m22
m2->m21,a10.h12->m11,m15->m21,m27->m28,a2.h8->logits,m26->m32,a25.h7->m35,m5->m28
m16->m17,m16->m17,m8->m24,m15->m30,a13.h19->logits,a11.h14->logits,a13.h19->logits,a2.h8->logits
m20->m35,a4.h17->m7,m9->m16,m22->m32,m25->m33,a2.h8->logits,m10->m31,m9->m23
m10->logits,m16->m20,m7->m23,a10.h12->m11,a26.h2->m34,a27.h14->logits,m11->m23,a27.h14->logits
a30.h5->logits,m0->a23.h11<k>,a12.h0->m14,a1.h9->logits,m11->m30,m9->m23,m25->m33,a11.h14->logits
m8->m11,m0->m33,m0->a21.h0<q>,m13->m16,m27->m29,m28->m29,m9->m23,m0->m33
m22->m23,m5->m15,m6->m8,m8->m24,m20->m30,m0->m33,m10->m29,a17.h13->logits
m1->m9,input->m35,a27.h8->logits,m17->m35,a8.h17->logits,m5->m28,a33.h11->m33,m12->m34
m0->a4.h7<v>,m17->m24,m10->m35,m3->m9,m8->m34,m17->m26,m20->m30,a15.h11->m35
m12->m15,m5->m20,m17->m20,m3->m24,a17.h13->logits,m11->m23,m0->m25,a8.h17->logits
a10.h12->logits,a21.h0->logits,m0->m33,m19->m20,m11->m18,m8->m28,m8->m34,m22->m29
m15->m22,m1->a23.h11<k>,a7.h11->m8,m22->m25,m3->m24,a17.h13->logits,a17.h13->logits,m0->m25
a4.h5->m6,m27->m28,a10.h14->m10,m8->m10,m0->m19,a15.h11->m35,m0->m32,m16->m18
a0.h9->m1,m1->m4,m0->m26,m13->m29,a27.h13->logits,m10->m31,m14->m34,m17->m26
m0->a4.h10<q>,m6->m7,a32.h7->logits,m10->m11,m0->m32,m16->m18,a27.h13->logits,a26.h2->m34
m23->m24,a32.h5->logits,m0->a11.h11<k>,m28->m34,m1->m24,m2->m25,m24->m26,m8->m28
m25->m27,a13.h3->m13,m20->m35,m22->m27,m17->m26,a26.h2->m34,m1->m24,m25->m34
a23.h11->logits,a23.h11->logits,m0->a11.h11<v>,a26.h4->logits,m10->m29,m22->m29,m5->m33,a22.h7->m34
m3->m10,m0->a4.h2<k>,m7->m12,m20->a26.h2<v>,m14->m34,a8.h17->logits,m3->m24,m10->m31
m16->m18,a1.h3->m1,m12->m20,m19->a21.h18<v>,m21->m35,m5->m34,m6->m30,a13.h19->logits
m18->m20,m19->m26,m16->m20,m8->m34,m9->m23,m15->m28,m3->m35,m28->m29
a3.h14->m6,a4.h5->m6,a10.h12->a14.h1<v>,m11->m31,a4.h11->logits,a28.h0->logits,a11.h14->logits,m5->m34
m1->m20,m7->m35,m4->m19,m14->m27,m0->m25,m25->m34,m27->m29,m19->m33
m4->m19,m2->m9,m3->m17,m15->m19,m3->m35,a13.h19->logits,m17->m26,m12->m20
input->m35,a10.h12->logits,m9->a13.h3<q>,m21->a22.h3<v>,m5->m33,m26->m34,m31->m35,a21.h17->m35
m20->m22,a6.h14->m7,a0.h14->m12,m7->m27,a11.h14->logits,m12->m20,a33.h2->logits,a33.h2->logits
m0->a4.h2<k>,a3.h7->a4.h2<k>,m1->m16,a32.h1->logits,a33.h2->logits,a22.h7->m34,m9->m33,m11->m26
m0->m33,m4->m19,m11->logits,m21->m29,a31.h18->logits,m21->m35,a31.h18->logits,m11->m23
m14->m18,m0->a10.h1<q>,m15->m22,m21->a22.h7<v>,m6->m30,a4.h11->logits,m18->m32,m2->m25
m11->m15,a6.h14->m10,m13->a15.h11<k>,m3->m27,a33.h11->m33,a29.h13->logits,m11->m18,m15->m28
m14->m16,m15->m25,m27->m33,input->a0.h14<v>,m17->m33,m11->m26,m14->logits,m26->m34
m2->m3,a30.h5->logits,m3->a4.h2<q>,m7->m11,a25.h14->logits,m0->m25,a29.h19->logits,a4.h11->logits
m2->m9,a31.h3->m35,m3->m18,a13.h10->logits,m21->m25,m19->m33,m5->m28,a29.h13->logits
m0->a11.h14<q>,a34.h11->logits,a0.h9->m0,a10.h19->logits,m24->m26,m21->m34,a28.h19->logits,a28.h0->logits
m7->m11,a10.h13->m13,a23.h10->logits,a18.h15->logits,m9->m33,a33.h2->logits,a26.h10->m35,m10->m29
a4.h17->m7,a4.h0->m8,m19->m30,a13.h3->logits,a28.h19->logits,a21.h17->m35,m17->m33,m21->m34
a31.h3->m35,m20->m22,a35.h17->logits,m0->m9,m10->m35,a24.h1->m34,m12->m20,a1.h9->m35
m7->m12,m15->m17,m12->m24,m1->m11,m12->m20,a27.h13->logits,m21->m25,m6->m30
a13.h3->m15,m5->m19,m9->m14,a11.h0->logits,a8.h3->m35,m20->m21,a8.h3->m35,a27.h13->logits
m4->m11,a0.h14->m10,m7->m18,m18->m30,m14->logits,a28.h17->logits,m16->m29,m19->m24
m5->m19,m0->a1.h3<v>,m11->a13.h3<v>,m11->m26,a10.h12->m35,m6->m30,m10->m35,a24.h1->m34
m4->m10,m22->m23,m0->a8.h5<q>,a30.h5->logits,a29.h19->logits,m3->m24,m0->m19,a28.h17->logits
m7->m35,m18->m27,m20->m23,m0->m12,a26.h10->m35,m10->m29,a10.h12->m35,m21->m35
m7->m9,m24->m26,a11.h11->m13,m18->m26,m5->m28,a1.h9->m35,m13->m26,m20->m21
m8->m19,a0.h9->m0,m1->m26,a29.h9->logits,m16->m29,m28->m34,a30.h17->m35,m3->m24
m5->m17,m6->m15,a1.h12->m13,m10->m24,a30.h17->m35,m19->m24,a4.h11->logits,a20.h12->m35
a32.h5->logits,m4->m11,a25.h17->logits,a27.h12->logits,m7->m11,m14->m34,m26->m32,a33.h11->m33
m10->m30,m13->m21,m24->m33,m2->m5,m13->m26,a12.h12->m35,a25.h14->logits,a31.h18->logits
a31.h4->logits,a12.h0->m35,m1->a10.h1<q>,m5->m7,m18->m32,a10.h12->m35,a21.h17->m35,a12.h12->m35
m0->a9.h7<q>,m0->a4.h10<q>,m25->m31,m13->m22,m6->m26,a20.h12->m35,a15.h1->m34,m14->m34
m12->m24,m12->m15,m0->a10.h4<k>,m13->m27,a15.h1->m34,a17.h7->m35,m6->m26,a28.h19->logits
m1->m15,m7->m17,m13->m21,m27->m30,a28.h19->m35,a28.h19->logits,m21->m27,m28->m34
a6.h14->m10,a4.h0->m10,a10.h12->a15.h19<v>,a11.h3->m35,m31->m35,a29.h19->m35,m22->a23.h3<v>,m4->m29
m12->m19,m0->a6.h7<q>,input->logits,m4->m14,m4->m29,a6.h14->m35,m8->m31,a29.h19->m35
m17->a21.h0<q>,m10->m30,m21->logits,m14->m30,m21->m27,a31.h18->logits,a25.h12->logits,m1->m24
a1.h3->m7,m15->m24,m24->m25,m26->m35,a25.h12->logits,m8->m30,m21->m35,a15.h1->logits
m27->m28,m1->m16,m16->m26,m19->m22,m22->a23.h3<v>,m15->m24,m4->m29,a17.h7->m35
m8->m16,a10.h13->m10,m0->a23.h11<k>,m12->m19,a20.h12->m35,a5.h3->logits,a20.h12->m35,m20->m28
m20->m24,m18->m20,m2->m11,a21.h1->logits,a35.h12->logits,a15.h1->logits,a28.h19->m35,a10.h12->m35
m13->m25,m16->m35,m19->m22,m11->m34,m16->m32,m20->m28,m10->m28,a5.h3->logits
m0->a1.h13<q>,m0->a11.h14<q>,m0->a11.h1<q>,m10->m30,m20->m21,m4->m29,m1->m3,m3->m35
m24->m25,a15.h11->m35,a26.h2->logits,m13->m34,a14.h1->m35,m1->m24,a5.h18->logits,a6.h14->m35
m23->m25,m5->m17,a11.h0->m21,a10.h14->m10,m26->m35,a33.h11->m33,m6->m28,a23.h14->logits
m8->m21,a35.h2->m35,m7->m27,a21.h17->logits,m26->m32,a10.h1->logits,m9->m27,m15->m24
m31->a32.h2<q>,m12->m19,m0->m14,m5->m35,m1->m2,a23.h14->logits,a14.h1->m35,m8->m30
m11->m17,a3.h8->m6,a6.h14->m11,m0->m10,a21.h17->m35,m10->m26,m7->m11,m12->m15
m7->logits,m0->a1.h1<v>,m0->a12.h0<v>,m3->m32,a5.h18->logits,m14->m29,a1.h9->m35,m10->m35
m24->m29,m0->m10,m0->a11.h0<q>,m10->m25,m18->m20,a25.h7->m35,m16->m32,a10.h1->logits
a3.h8->m7,a27.h8->logits,a3.h7->a4.h2<k>,m1->m4,m5->m24,a20.h7->logits,a23.h11->m35,m10->m28
a3.h7->a4.h2<k>,m11->m18,m21->m25,m5->m15,m0->m20,a13.h5->m35,a20.h7->logits,m14->m29
a27.h8->logits,a11.h0->m35,a4.h0->m9,m1->m24,m0->m7,m1->m25,m5->m24,m26->m29
m11->m18,m0->a9.h7<q>,m20->m26,a26.h5->m35,m9->m27,m6->m26,m8->m24,a4.h0->logits
m0->a21.h11<q>,m7->m14,m2->m35,m10->m15,m20->m33,m16->m24,a6.h14->m35,m27->m32
input->a0.h9<v>,m15->m26,m28->m35,input->a0.h9<v>,a18.h17->m35,m10->m35,m20->m33,a13.h5->m35
a28.h6->logits,m16->m26,m11->a15.h19<v>,m7->m33,a32.h17->logits,m26->m29,a18.h17->m35,m18->m32
m13->m31,a0.h14->m35,m17->m24,m4->m5,a1.h9->m35,m0->m32,a32.h17->logits,m16->m24
m5->m20,a30.h7->m35,m10->a14.h1<v>,m7->m32,a20.h7->logits,m27->m32,m25->m34,a20.h7->logits
m24->m26,a12.h0->logits,m6->m16,m16->m23,a13.h5->m35,a9.h12->logits,a1.h12->logits,a31.h15->m34
m26->logits,a6.h16->m10,a6.h14->m9,m2->m4,a6.h14->m35,m12->m15,a29.h14->logits,a19.h15->logits
a34.h8->logits,m13->m31,a11.h11->m15,a35.h1->m35,m6->m28,a5.h6->logits,a13.h5->m35,a25.h7->m35
m15->m26,m5->m11,a0.h14->m4,a25.h7->m35,a4.h17->logits,a31.h15->m34,a4.h17->logits,m6->m26
m24->m33,m21->m25,a5.h18->m9,a30.h9->logits,m8->m31,m7->m11,a35.h12->logits,m1->m25
a4.h0->m10,a33.h11->m33,m0->a15.h11<q>,m13->m28,a23.h11->m35,a25.h14->logits,m1->m31,a24.h1->m24
a11.h0->m35,m23->m25,a11.h0->m12,m0->m20,m10->m32,a18.h17->m35,m10->m32,a9.h12->logits
m0->a21.h1<q>,a1.h1->m3,m11->m27,a16.h11->logits,m32->m33,a26.h10->m35,m26->m35,a18.h17->m35
m1->m16,a0.h14->m4,a8.h3->m11,a4.h0->m4,a1.h12->logits,m10->m28,a5.h5->m35,a5.h6->logits
m6->m13,m1->a10.h1<q>,a7.h11->m16,m9->m11,a29.h14->logits,m27->a28.h11<v>,a13.h3->logits,m25->m28
a9.h15->m11,m11->m35,m7->m11,m7->m31,m5->m34,m21->m26,m15->m24,m9->m34
m2->m16,m7->m29,a0.h14->m9,m21->m31,m10->m24,a28.h19->m35,m32->m33,m6->m28
m13->a21.h1<q>,a13.h3->m15,a24.h12->logits,m14->m20,m8->m30,a4.h0->logits,m8->m30,m27->a28.h11<v>
a15.h11->m35,a3.h11->m4,m7->m35,a0.h10->m0,a13.h3->logits,m3->m35,a5.h6->logits,m0->m32
m0->a6.h7<q>,m13->m18,a10.h12->logits,m6->m23,m25->m34,m9->m34,m10->m24,a28.h19->m35
m1->a10.h1<q>,m5->m10,a0.h14->m3,m11->m13,a5.h5->m35,a19.h15->logits,a27.h12->m35,m14->m33
m0->logits,a11.h11->m15,a4.h0->m15,m16->m33,a12.h12->m35,m19->m21,m15->m27,m19->m21
a30.h7->logits,a9.h15->m11,m21->m28,m25->m28,a5.h6->logits,a23.h11->m35,m19->m24,a25.h14->logits
m0->a1.h1<v>,m0->a4.h7<v>,m4->m13,m27->m32,m10->m28,m18->m32,m5->m34,m1->m31
a30.h7->m35,m26->logits,m1->a6.h7<q>,m20->m31,a9.h0->logits,a32.h4->m35,a28.h17->logits,m10->m26
a10.h12->m12,m4->m5,m1->m11,m17->m26,m19->m24,m25->m28,a12.h12->m35,a26.h13->m33
m8->m23,a34.h11->m35,m8->m16,m6->m9,a28.h17->logits,m0->m19,a29.h13->logits,m7->m11
m22->logits,m8->m23,m12->m16,m10->m14,m8->m24,m14->m33,m20->m21,a19.h0->logits
m7->m29,m21->m30,a6.h14->m10,m14->m34,m15->m27,m6->m28,a9.h0->logits,m23->m24
m6->m20,m15->m22,m4->m20,m22->a30.h12<v>,m28->m33,a19.h0->logits,m0->m20,a25.h15->logits
m23->m28,m22->logits,input->a0.h9<v>,m16->m25,a29.h13->logits,m28->m33,a30.h5->m35,a26.h10->m35
a35.h2->m35,a3.h14->m9,m0->a3.h8<q>,m13->m31,m15->m24,m0->m20,a18.h0->m35,a20.h9->logits
a32.h1->logits,m1->m23,m10->a12.h0<v>,a34.h10->logits,a27.h12->m35,m1->m31,m18->m20,m9->m27
a0.h14->m10,m16->m33,a11.h0->m18,m19->m29,m16->m18,input->a0.h14<v>,a4.h10->m35,a19.h1->m35
m21->m25,m23->m28,m7->m16,m21->a22.h2<v>,m1->m31,m9->m27,a2.h4->logits,m10->a22.h2<v>
m0->a10.h2<q>,m24->m33,m10->a15.h11<k>,a11.h0->m32,a4.h10->m35,m11->m18,a4.h0->logits,a21.h2->logits
a0.h0->m0,m20->m24,m10->a13.h3<q>,m6->m17,a18.h0->m35,a35.h12->logits,a35.h0->logits,a23.h11->m35
m23->m27,m20->a25.h17<q>,m2->a4.h2<q>,m2->m8,a2.h4->logits,a26.h13->m33,a16.h17->logits,a16.h18->logits
m13->m21,a3.h8->m7,m13->logits,m1->m18,m1->m25,m10->a22.h2<v>,m0->m7,a33.h12->m35
m7->m17,a11.h0->m28,m0->a1.h13<q>,m1->a21.h17<v>,m16->m24,a24.h1->m24,a20.h9->logits,m22->a23.h3<v>
m5->logits,a32.h6->logits,m0->a13.h3<k>,a11.h0->m17,a35.h0->logits,m21->m22,m6->m25,m1->m29
m0->a4.h8<v>,m10->m20,a10.h13->m11,m3->m6,m27->m32,a16.h18->logits,a5.h5->logits,m21->m26
m6->m14,a23.h10->logits,input->a0.h0<q>,m2->m11,m15->m21,a21.h2->logits,m14->m33,m18->m25
a4.h0->logits,m11->m19,m8->m26,m28->m33,a16.h17->logits,a19.h1->m35,m16->m18,m21->m22
m7->m22,m7->m19,m7->m14,m20->a22.h11<v>,a30.h5->m35,a33.h12->m35,m19->m21,a15.h1->m34
a6.h16->m10,m14->m35,m6->m25,m11->m30,m0->m6,a25.h15->logits,m11->m35,a12.h0->m35
m11->m19,m13->m25,a11.h1->m12,a25.h17->logits,a5.h5->logits,a30.h18->logits,m27->m32,a19.h1->logits
a7.h11->logits,m8->m19,m2->m21,m27->m35,m19->m21,a15.h1->m34,m22->m31,a30.h9->m31
m9->a13.h3<v>,m0->a21.h1<q>,m26->m28,m6->m35,m14->m15,m22->a23.h3<v>,m14->m15,m28->m33
a11.h2->m11,a32.h1->logits,m0->a1.h3<k>,m17->m18,a12.h0->m35,m10->m21,a23.h14->logits,a4.h3->m35
a12.h0->m35,m0->m11,m9->a15.h19<v>,m11->m18,a20.h9->logits,a20.h9->logits,a12.h0->m35,a8.h15->m35
a2.h8->m4,a4.h1->m4,m11->a15.h11<k>,a32.h4->logits,a2.h11->logits,a30.h9->m31,m23->m32,m4->m27
a0.h14->m35,a0.h16->m0,m22->m31,a33.h11->m33,a9.h12->logits,a8.h15->m35,m29->m30,input->a0.h14<v>
m31->a32.h2<v>,m12->a21.h1<q>,m0->a8.h1<q>,a35.h16->logits,a5.h18->m35,a19.h1->logits,a19.h15->logits,a30.h18->logits
m20->m27,m0->a9.h6<q>,m9->m33,m26->logits,m6->m25,m23->m24,m28->m33,a35.h12->logits
m12->a21.h1<q>,m2->m3,a1.h12->m1,m19->m31,a23.h14->logits,m4->m27,m15->m21,a4.h10->m35
m0->m2,m33->a35.h17<q>,m29->m33,m8->m12,m13->m21,m5->m24,a18.h0->m31,a16.h16->logits
input->a0.h14<v>,m13->a21.h1<q>,m0->a11.h14<q>,m24->m25,a0.h14->m0,m1->m29,m16->m24,a30.h9->m35
m21->m30,m0->logits,m10->a11.h0<q>,a23.h10->m35,m23->m32,a4.h3->m35,m13->m14,a4.h3->logits
m16->m33,m7->a9.h6<k>,m20->a25.h17<q>,a11.h11->m13,a25.h14->m35,m18->m25,m27->m34,a35.h0->logits
m2->m18,m0->a1.h13<q>,m14->m28,m17->m33,a19.h15->logits,a4.h10->m35,m13->m21,a33.h2->m35
a12.h0->logits,a30.h7->logits,m10->a16.h14<v>,m19->a21.h17<v>,a18.h0->m31,a4.h3->logits,a18.h8->logits,m11->m18
m1->a21.h0<q>,a3.h0->m3,m25->m26,m5->m27,a11.h14->m35,a16.h16->logits,a9.h12->logits,a5.h18->logits
m1->m17,m0->a4.h1<v>,a4.h0->m12,a1.h12->logits,a16.h6->logits,m1->m2,a0.h14->m0,a24.h10->logits
m12->m27,m28->m34,a4.h0->m14,m14->m24,m14->m33,a35.h7->m35,a19.h1->m35,m8->m24
m9->m17,a3.h7->m3,m8->m21,m19->a24.h4<v>,a4.h0->logits,a12.h0->m35,a5.h18->m35,m10->m21
a3.h8->m8,a4.h5->m4,m21->a23.h10<v>,m14->m16,m26->m28,a24.h10->logits,m1->m25,a8.h3->logits
m5->m14,a0.h11->m6,a10.h12->m16,m32->m35,a19.h0->logits,a35.h0->logits,a35.h16->logits,m1->m21
a2.h3->m4,m1->m15,m0->m21,m8->m30,m14->m29,a29.h6->logits,m1->m21,a35.h7->m35
m15->a16.h14<v>,a7.h11->logits,m3->a14.h1<v>,m19->a24.h10<v>,a16.h16->logits,m32->m34,a16.h16->logits,a35.h16->logits
a10.h13->m10,a13.h10->m14,a33.h18->logits,m1->m32,a19.h1->m35,a5.h18->logits,a25.h15->logits,a18.h0->m35
m20->m26,m1->m26,a4.h0->a14.h1<v>,a20.h12->m35,m10->m26,a33.h2->m35,a2.h8->m35,a25.h15->m35
m14->m35,m16->m23,a15.h1->m15,a31.h12->logits,m1->m21,a35.h1->m35,a16.h6->logits,a35.h1->m35
m15->a21.h1<k>,m20->m26,m10->m19,a10.h12->m12,a18.h8->logits,a14.h1->m35,a25.h14->m35,m5->m24
m1->a11.h11<k>,m6->m27,m29->m35,a35.h10->logits,a33.h2->m35,a35.h19->logits,m14->m29,a14.h1->m35
a21.h11->logits,m3->m6,a21.h0->logits,m0->a27.h1<v>,a21.h17->m29,m18->m20,m6->m29,m0->m24
m14->m23,m19->logits,a10.h19->m11,a10.h12->m31,a2.h8->m35,a11.h14->m35,a33.h2->m35,a32.h4->m35
m13->m14,m5->logits,a0.h14->m8,m1->m23,m12->m33,a30.h9->m35,input->a0.h14<v>,a2.h8->m35
a4.h5->m5,m3->m17,input->m13,m21->a22.h1<v>,a29.h4->m32,m13->m14,a11.h14->m35,a5.h2->logits
m11->m35,a35.h2->logits,a10.h14->m14,m17->m19,a26.h4->logits,m0->m24,m23->m24,a29.h6->logits
m33->a35.h17<q>,a4.h14->m7,a30.h9->logits,a15.h11->m35,m12->m32,a8.h3->logits,a19.h0->logits,a11.h14->m35
a0.h14->m9,a6.h14->m9,input->m7,m12->m17,a5.h3->logits,a2.h8->m35,m12->m33,m10->a21.h17<v>
m29->m31,m25->m31,m1->m21,m10->m27,a35.h16->logits,a35.h16->logits,m21->m22,m0->m19
a11.h11->m15,m31->a32.h2<v>,m1->a13.h3<v>,m7->m25,a29.h6->logits,a18.h0->m35,a5.h3->logits,m10->m24
m3->a4.h2<q>,a0.h13->m1,m21->m31,a31.h3->m33,m6->m29,m8->m24,m23->m34,a24.h1->m32
m27->m29,m12->m27,m6->m15,m15->m29,m27->m34,a5.h2->logits,a31.h5->logits,a35.h19->logits
a23.h10->logits,a28.h15->logits,m2->m9,m18->a20.h9<v>,m21->m22,m10->a21.h17<v>,m22->m29,a23.h19->logits
m11->m31,a35.h15->logits,m7->m22,m18->m29,a25.h15->logits,m1->m21,a21.h17->m29,m0->a28.h11<v>
m11->m21,m20->m27,a1.h19->m1,a25.h15->logits,m23->m34,a25.h15->m35,m22->a24.h4<v>,a2.h4->logits
m19->m21,m23->m24,m7->a13.h3<v>,m13->m24,m11->m35,m15->m27,a8.h15->m35,m17->m29
m1->m35,a1.h3->m13,a9.h0->m12,m23->m34,m22->a24.h4<v>,m12->m32,a29.h4->m32,m15->m27
m16->m23,m14->m18,m16->m24,a11.h0->m26,m14->m23,a4.h16->logits,m19->m22,m11->m25
m10->m25,a5.h2->m7,a11.h16->m13,m4->m27,a16.h6->m35,a24.h1->m32,m16->m23,m14->m20
m18->m27,m0->m12,a3.h14->m10,m29->m35,a8.h15->m35,a23.h19->logits,m24->m32,a31.h5->m35
m1->a4.h7<k>,m10->m27,a9.h0->m10,m6->m8,m19->m22,a4.h17->logits,a32.h16->logits,m16->m29
a11.h0->m28,m3->a4.h2<q>,m10->m20,a25.h17->m35,m29->m30,a11.h1->m31,m9->m34,a1.h12->logits
a3.h14->m9,a11.h2->m12,m9->a11.h2<v>,m19->m25,m22->m31,m0->a28.h11<v>,m15->a24.h0<v>,m18->m20
a11.h2->m12,a10.h12->m12,m13->m28,m11->m16,m10->a21.h17<v>,a24.h1->m35,a16.h6->m35,m13->m14
m10->a23.h11<q>,a2.h3->m2,m4->m9,a11.h11->m35,a11.h0->m28,m16->m29,m0->m6,a18.h0->m31
a32.h2->m33,m11->m23,a9.h0->m9,m3->m13,a32.h16->logits,m10->m24,a29.h19->m35,a13.h4->logits
a30.h5->m35,m23->m27,m0->a4.h10<q>,m21->m27,a11.h1->m31,a35.h14->logits,a26.h4->logits,a4.h17->logits
a7.h15->m10,m22->m26,m0->a23.h2<q>,a11.h0->m35,m9->m34,a2.h4->logits,a2.h11->logits,m0->m20
m0->m11,input->a0.h14<v>,m13->m30,a14.h9->logits,m5->m8,a18.h0->m31,a11.h1->m31,a11.h1->m31
m9->m26,m0->a21.h11<q>,input->a0.h0<k>,m19->m26,m16->m33,a29.h8->logits,m0->m24,m13->m26
a6.h14->m9,m24->m29,m9->a11.h11<q>,a31.h18->logits,m15->a24.h0<v>,m11->m25,m14->m23,m32->m34
m28->m34,a11.h2->m13,m1->a11.h11<v>,a19.h15->logits,a18.h18->logits,m14->m15,m14->a28.h14<v>,m14->m15
m0->a11.h11<k>,m9->m35,a11.h1->m15,m21->a24.h4<v>,a27.h10->logits,m15->a24.h0<v>,a11.h0->m28,m22->m28
m24->m35,a34.h8->m35,m1->m9,a2.h7->logits,a31.h5->logits,m13->m26,m10->a21.h17<v>,m15->a24.h0<v>
a2.h3->m2,m18->logits,a10.h19->m18,m0->a4.h2<q>,m14->a28.h14<v>,m14->m20,m0->a28.h11<v>,a35.h5->logits
m6->m27,a12.h0->m14,a8.h3->m10,a8.h3->logits,m13->m14,m1->m34,a25.h15->m35,a24.h1->m35
a10.h16->m10,a7.h15->m10,a0.h9->m1,m28->m30,m24->m32,m22->m28,a26.h13->m33,m16->m25
a34.h11->logits,a25.h17->logits,m0->a15.h19<v>,m18->a24.h0<v>,a25.h15->m35,a31.h5->m35,m11->m26,a5.h5->m35
a28.h15->logits,m1->a21.h0<q>,m15->m23,a14.h1->logits,m0->m24,m6->m29,a8.h8->m35,a0.h3->logits
m1->m26,m17->a21.h0<q>,m9->a10.h14<v>,m7->m8,a31.h5->m35,a32.h4->m34,a31.h5->m35,a11.h12->logits
m17->m29,m8->m28,m26->logits,a12.h0->m35,m0->a28.h11<v>,a11.h12->logits,a29.h6->logits,m23->m32
m9->m21,a33.h15->logits,m1->a2.h10<q>,m10->a22.h2<v>,input->a0.h14<v>,a1.h12->logits,m26->m28,m6->m29
a11.h0->m27,m15->a21.h1<k>,a7.h11->m14,m1->m15,a26.h8->logits,m23->m32,a30.h9->m31,a32.h2->a35.h17<q>
a3.h7->m7,a11.h3->m18,a10.h12->m23,a6.h14->m7,a16.h10->logits,a26.h9->m35,m12->m32,a27.h12->m35
a1.h3->m1,m12->m16,m7->a11.h2<v>,m1->m7,a26.h13->m33,a5.h5->m35,a19.h1->logits,a24.h0->logits
a11.h0->m13,m6->m14,a1.h6->m6,a33.h6->logits,m11->m26,a24.h0->logits,m16->m33,a33.h11->a35.h17<q>
a10.h12->m23,a1.h1->m1,m6->m11,m1->m2,m8->m10,m17->m29,a18.h18->logits,m14->a22.h2<v>
a32.h2->a33.h11<q>,m2->m24,m21->m30,m17->m34,a8.h8->m35,m20->a24.h15<v>,m7->m19,m1->m34
m13->m30,m14->m19,m0->a3.h4<q>,a10.h12->m23,a29.h19->m35,m14->a22.h2<v>,a33.h15->logits,m20->a24.h15<v>
a2.h12->m6,m23->m26,a1.h12->m11,m0->a2.h10<q>,a32.h15->m35,a35.h5->logits,m18->m25,m29->m34
a6.h16->m12,a2.h8->m4,a10.h11->m10,m5->logits,a19.h1->logits,m24->m29,m12->m15,m12->m32
a5.h2->m6,m31->a32.h2<q>,a0.h14->m7,a18.h17->m35,a30.h9->m31,a30.h4->m33,a27.h10->logits,a35.h14->logits
m0->m23,m22->m25,a10.h16->m10,a0.h9->m1,a18.h0->logits,m7->m31,a0.h3->logits,a30.h4->m33
m25->m31,a11.h0->m13,m12->m27,m9->m24,m7->m19,a0.h3->logits,a26.h8->logits,a31.h5->logits
m3->m5,m1->a3.h0<v>,m16->a23.h2<q>,m25->a26.h11<v>,a0.h3->logits,m13->m21,m9->m26,m0->m7
m9->a21.h0<q>,m1->m17,m10->m22,m17->m27,m10->a22.h2<v>,m16->m25,a8.h2->logits,m12->logits
a11.h3->m18,m5->m7,a14.h1->m16,m0->m5,a30.h5->m34,a21.h17->m29,a18.h0->logits,a33.h19->logits
input->m5,m0->a3.h0<v>,a7.h12->m11,m18->a21.h17<v>,a8.h2->logits,m0->m7,a2.h17->logits,a32.h4->m34
a8.h7->m10,a4.h0->logits,m20->m24,m19->m34,m12->m15,a24.h1->m27,a4.h1->logits,m7->m31
m21->a23.h11<k>,a7.h11->m12,a10.h13->m14,m13->m33,a2.h17->logits,m29->m34,m10->a22.h2<v>,a8.h18->logits
a0.h9->m8,a1.h3->m11,m7->a12.h12<v>,m4->m6,m27->a28.h11<v>,a11.h0->m28,a16.h10->logits,a5.h18->m35
a4.h5->m10,m12->m21,m11->a15.h11<q>,m13->m23,a4.h1->logits,a5.h18->m35,a30.h5->m34,a21.h17->m29
a11.h0->m16,m2->a4.h2<q>,m20->m29,m23->m29,m19->m26,a24.h1->m26,m27->a28.h11<v>,m1->m2
m10->m16,m10->a23.h11<q>,a10.h12->a12.h12<v>,m7->a12.h12<v>,m22->m29,a21.h1->m34,m1->m29,m13->m21
m18->a21.h11<q>,m12->m14,m0->a14.h19<q>,a1.h9->m35,a5.h6->m35,a13.h4->logits,a11.h12->logits,m12->m30
m3->a13.h3<v>,m0->a5.h18<q>,a4.h0->a15.h19<v>,m30->m33,a35.h15->logits,a33.h19->logits,a33.h19->logits,a5.h6->m35
a9.h15->m13,m17->m23,m7->m33,a19.h12->m23,a22.h7->m25,a5.h6->m35,m22->a28.h14<v>,a30.h9->m32
m0->m28,m8->m30,a13.h3->m15,m25->a27.h9<v>,a11.h12->logits,a35.h19->m35,a22.h7->m25,a21.h1->m34
a12.h12->m13,m0->m28,m33->a35.h17<q>,a18.h10->logits,a35.h19->logits,a2.h1->logits,m10->m21,m16->m31
a4.h14->m7,a4.h5->m10,a10.h12->m14,m12->m24,a33.h15->logits,a28.h14->logits,a26.h10->m34,a11.h0->m28
m0->a23.h11<q>,m28->m33,m19->m26,m6->m28,a2.h6->logits,a30.h9->m32,m10->m26,a5.h5->logits
m1->m7,a31.h5->m35,a12.h0->a13.h3<q>,a28.h14->logits,a33.h19->logits,a8.h18->logits,a11.h0->m29,a29.h8->logits
m3->m17,a12.h12->m14,m3->m4,m14->m28,m22->a28.h14<v>,m16->m33,a5.h6->m35,a17.h7->logits
a4.h0->m6,a9.h13->m10,m14->a16.h18<k>,m15->m20,m1->m5,a32.h2->a35.h17<q>,a32.h15->m35,a5.h13->logits
a21.h1->m22,m15->m23,m0->m35,m15->a23.h3<v>,m18->m25,m12->m30,a24.h10->logits,a2.h1->logits
a3.h19->m5,a3.h14->m10,m1->a3.h0<v>,a26.h5->m27,a28.h14->logits,a5.h13->logits,m5->m8,a35.h19->m35
a6.h14->m11,a25.h15->logits,input->a0.h3<k>,m5->m6,a24.h10->logits,a27.h12->m35,m1->m2,a0.h10->logits
m10->m27,input->m5,input->a0.h3<v>,a10.h12->m35,m18->m35,a25.h14->m35,a5.h13->logits,m8->m31
m4->m20,m4->m20,a2.h7->m10,m0->a26.h8<v>,m5->m9,a17.h7->logits,a35.h19->logits,m20->a26.h2<v>
m8->m12,m20->m23,m1->m22,m17->m28,m9->m26,a5.h5->logits,a34.h11->m34,a17.h13->m35
m20->a25.h17<q>,m11->m20,a10.h13->m15,m0->m16,a26.h10->m34,m11->m21,a23.h19->logits,a32.h1->logits
m0->a8.h5<q>,a10.h12->m23,m19->m33,m6->m26,a5.h13->logits,a26.h8->logits,a32.h2->m33,a34.h2->a35.h17<q>
a2.h7->m10,a11.h0->m21,m8->m13,m20->a21.h18<v>,a32.h15->logits,m26->m33,m17->m29,a4.h1->logits
a26.h4->logits,a27.h12->logits,m2->a4.h2<k>,m16->logits,m14->m22,m19->m30,a0.h10->logits,a26.h8->logits
m26->m28,a11.h2->m11,m9->a15.h11<q>,m9->m12,m10->m21,a26.h13->m30,a5.h2->logits,m24->m29
m9->m33,m4->m9,a9.h0->logits,a16.h7->logits,m16->m31,a0.h10->logits,m19->m26,m14->a28.h14<v>
m7->a11.h17<q>,m0->m3,a9.h13->m10,m0->m24,m23->m24,a9.h0->logits,m25->m30,a18.h0->logits
m11->m23,a11.h0->m27,a11.h0->m20,a33.h2->logits,a0.h10->logits,m20->a26.h2<v>,a35.h15->logits,m6->m25
m14->m19,a11.h3->m12,m14->a16.h14<v>,a31.h12->m35,m25->m26,m21->a24.h15<v>,m15->a19.h1<v>,m16->m33
m32->a33.h11<q>,input->a0.h13<v>,m3->m8,m9->m25,a11.h0->m29,m21->m30,a28.h14->logits,a25.h14->m35
m17->m23,m0->a10.h16<q>,a12.h12->m16,a16.h14->logits,a24.h1->m34,m14->a28.h14<v>,a5.h15->logits,a9.h10->logits
m1->m5,m1->a2.h0<v>,a12.h12->a13.h3<q>,m17->m24,a23.h19->logits,m0->m6,a2.h1->logits,a29.h3->m35
m0->a4.h5<k>,m15->a16.h14<v>,a3.h14->a13.h3<q>,m8->m9,m1->m29,a32.h1->logits,a6.h7->logits,a26.h9->m35
a1.h12->m1,m9->m23,m15->m24,a33.h15->logits,m16->m23,m16->m31,a2.h6->logits,a13.h1->logits
a20.h12->m35,a1.h12->m13,m10->m27,a0.h14->m4,a5.h2->logits,a32.h17->m35,a32.h15->logits,m21->a24.h15<v>
m12->logits,a20.h12->m35,a2.h10->m3,m1->m31,m15->a19.h1<v>,m14->m23,m11->m21,m28->m32
a13.h10->m14,a0.h9->m8,a11.h2->m13,a11.h13->logits,a4.h11->m35,a18.h0->logits,a35.h14->logits,m22->a28.h11<v>
m12->m14,a7.h12->m7,a11.h14->m11,m0->a10.h1<q>,a28.h13->m35,m12->m25,m7->m31,m17->m25
m7->m19,a0.h10->m0,a10.h12->a13.h10<v>,m18->m20,a5.h15->logits,a17.h13->m35,m0->a26.h9<v>,a24.h1->m27
a1.h6->m6,m1->m19,a6.h16->m10,m8->m28,a4.h16->logits,m22->a28.h11<v>,m28->m34,a28.h14->logits
m15->m20,a3.h11->m6,m7->a8.h5<k>,m1->a4.h2<q>,a26.h13->m30,a13.h1->logits,a31.h15->m34,a26.h13->m30
a10.h14->m16,m21->a23.h11<k>,m0->a13.h10<v>,m10->m31,a35.h14->logits,a4.h1->logits,a26.h13->m30,m14->m23
m23->m31,m2->m16,a12.h0->m16,a33.h19->logits,m0->m12,m0->a26.h9<v>,a29.h16->logits,m24->m27
m1->m23,m0->a10.h2<q>,a4.h0->a13.h10<v>,m0->m11,a32.h2->m33,a29.h3->m35,a18.h8->m35,m19->m30
a1.h12->m13,input->a0.h0<q>,m4->m6,a31.h3->m31,a34.h11->m34,a31.h5->logits,m30->m33,m21->m30
m0->a17.h8<q>,a2.h7->m10,m0->a5.h15<k>,a19.h12->logits,m17->m29,m7->m30,m16->m31,m5->m29
a10.h12->m20,a3.h19->m5,a9.h0->m16,m11->m25,m21->m23,a16.h17->logits,m22->a28.h11<v>,a11.h0->m29
m30->a32.h2<v>,m6->m13,m15->logits,m12->a14.h1<v>,m0->a26.h9<v>,m8->m31,m25->m26,m7->m30
a9.h0->m11,a0.h14->logits,m31->a32.h2<q>,m3->m17,a6.h7->logits,a26.h1->logits,a17.h13->m35,m26->m33
m18->logits,m9->a13.h3<v>,m32->m35,a20.h17->logits,m7->m31,m0->m11,a18.h10->logits,a3.h4->logits
m1->m21,a3.h7->m7,a11.h3->m11,m9->m17,a2.h1->logits,a9.h10->logits,m20->a24.h15<v>,a32.h17->m35
m9->m19,m11->m31,a11.h0->a15.h11<q>,a5.h8->logits,a18.h8->m35,a11.h0->m29,m0->m27,m0->a26.h9<v>
a11.h3->m12,m1->m33,a11.h0->a18.h18<v>,m27->a30.h12<v>,a18.h10->logits,m20->m33,a10.h16->m35,a16.h17->logits
m25->m33,m2->m13,m0->m17,m29->a30.h7<v>,a29.h16->logits,m11->m13,m16->m25,m16->m23
a27.h12->logits,a0.h14->m5,m8->m17,a18.h19->logits,a17.h13->m35,a22.h7->m25,m0->m26,a9.h0->logits
a35.h15->logits,m27->m29,m0->a4.h7<v>,a27.h12->m35,m19->m30,m22->a24.h4<v>,a9.h10->logits,a6.h7->logits
a3.h8->m14,m1->a10.h4<q>,a4.h0->m16,m23->a28.h14<v>,m0->m27,m1->m28,m23->a28.h14<v>,a8.h17->m35
m4->m14,m5->m13,m5->m20,m20->a22.h3<v>,m0->m26,m6->m25,a24.h1->m34,m0->m29
a10.h13->m11,a6.h16->m12,m2->m16,m3->m23,m22->a28.h11<v>,m24->m27,m14->m22,a16.h7->m35
m0->a10.h16<q>,a7.h14->m12,m0->m13,m9->m14,m20->a24.h15<v>,a6.h7->logits,m19->a28.h14<v>,a24.h1->m26
m0->a9.h6<q>,m9->m33,m0->a5.h18<q>,a35.h7->m35,m11->m21,a3.h4->logits,a26.h1->logits,m12->m25
m17->m34,a5.h4->m6,m9->m35,m4->a22.h2<v>,m12->m17,m5->m29,a33.h11->a35.h17<q>,m11->m21
a35.h2->logits,m29->a31.h12<q>,m8->m23,m1->m10,m25->m30,m17->m25,a13.h13->m35,m24->m32
a0.h9->m4,m24->m35,a2.h8->m11,m12->a24.h15<v>,m10->m13,a5.h19->m35,a13.h1->logits,m22->a24.h4<v>
m2->a4.h2<q>,a16.h14->m16,a10.h12->m28,m19->m21,m16->m25,a8.h17->m35,m24->m29,m9->m18
m1->a2.h0<v>,a4.h5->m5,a3.h19->m11,a19.h1->m35,a10.h16->m35,a29.h16->logits,m18->m35,a26.h1->logits
m2->m24,m1->a6.h7<q>,m13->m20,m10->m22,a13.h13->m35,a29.h4->m32,m0->m11,a5.h19->m35
a0.h9->m0,m2->m18,input->a0.h14<k>,m9->m34,a13.h1->logits,m10->m32,a32.h1->m35,m34->a35.h17<q>
a3.h8->m5,m3->a13.h3<v>,a23.h11->logits,m17->m21,m23->a28.h14<v>,m13->a22.h11<v>,m7->m30,m7->m20
a34.h11->m35,m0->a23.h11<q>,a10.h14->a15.h11<q>,m21->m25,a31.h15->m34,a32.h2->m33,m8->m10,m1->m28
m0->a5.h15<k>,a30.h5->m35,m10->a12.h12<v>,a0.h9->m0,m0->m17,a16.h7->m35,a10.h10->logits,a29.h4->m32
m1->m33,a5.h2->m6,m8->m11,m10->a22.h3<v>,a10.h10->logits,a30.h4->m35,m0->m12,a33.h15->logits
a25.h15->logits,m14->m16,m18->m26,a2.h8->m35,a9.h10->logits,a34.h2->a35.h17<q>,a11.h1->m35,a22.h7->m25
m0->a8.h15<q>,a31.h12->logits,m6->m33,m6->m11,a24.h10->m35,m21->a24.h1<v>,m0->m17,a4.h16->logits
m8->m30,m8->m21,m17->a21.h0<q>,m29->m32,a30.h9->m30,m9->m18,m9->m22,m20->m33
m1->a4.h7<v>,m0->a4.h8<v>,m9->m24,a16.h14->m33,a26.h1->logits,a6.h12->logits,a34.h2->a35.h17<q>,m25->m30
m7->a8.h5<k>,m0->a1.h4<v>,m7->a11.h11<v>,m21->a26.h11<v>,m19->a28.h14<v>,a33.h11->a35.h17<q>,a35.h5->logits,a29.h16->logits
a12.h0->m14,m25->m33,m21->m35,a10.h12->m30,a18.h15->m35,a5.h15->m35,m20->a26.h2<v>,a6.h12->logits
a23.h10->m24,a26.h4->logits,m12->m18,m6->m7,m24->m29,a29.h14->m29,a0.h14->m34,m13->a22.h11<v>
m0->a5.h6<q>,m5->a13.h3<v>,m16->logits,a35.h3->m35,m10->m22,m28->m32,m10->m22,a29.h14->m29
m25->a32.h2<q>,a0.h14->m9,m18->a24.h12<v>,a24.h12->m30,m9->m22,m13->m25,m14->m20,m21->m28
m2->m7,m11->a14.h2<q>,m3->a12.h12<v>,m9->a24.h4<v>,m6->m8,m0->m29,m17->m25,m21->a24.h1<v>
a3.h7->m3,m9->m17,m19->m35,a6.h7->logits,a4.h17->m35,m16->m23,a8.h8->logits,m21->m27
a11.h16->m12,a7.h11->m10,m5->m16,m2->m7,a10.h6->m35,m9->m29,a10.h12->m34,a30.h4->m35
a33.h11->m33,a11.h0->m12,a3.h11->m4,a35.h3->logits,m7->m30,a33.h15->logits,a9.h7->m35,a35.h0->m35
m6->a8.h7<q>,m19->m30,m10->a11.h11<q>,a11.h0->m12,a0.h14->m34,m24->m33,a10.h6->m35,a5.h15->m35
m0->a4.h1<v>,m11->a13.h3<q>,m0->a13.h3<q>,m18->a30.h12<v>,m12->m34,m8->m26,m1->m5,m13->m25
a32.h6->logits,a10.h12->m20,a7.h5->m9,a28.h15->m35,m30->m33,m14->m22,a30.h18->logits,m9->m26
m29->a31.h12<q>,a8.h15->m8,a10.h13->a12.h0<v>,m1->m16,m20->a26.h2<v>,m34->a35.h17<q>,a15.h14->logits,a30.h4->logits
a3.h11->m4,a2.h10->m6,a11.h3->a15.h11<k>,m16->m19,a9.h7->m35,a10.h12->m34,m19->m30,m10->m32
m0->a2.h5<q>,m29->m31,m20->m22,m10->m28,m10->m14,a15.h14->logits,a24.h10->m35,a32.h2->m33
m19->m28,a0.h12->m1,a7.h15->m10,a11.h3->logits,m21->a24.h15<v>,m25->m30,a22.h7->m32,m9->m29
m1->a4.h8<v>,a19.h12->m20,m1->m27,m26->m34,m12->m25,m9->m22,a28.h13->m35,m0->m17
m14->m22,m17->m29,m0->a17.h7<q>,m0->a1.h3<v>,a11.h1->m35,a35.h0->m35,a8.h17->m35,a15.h14->logits
m31->a33.h11<q>,a18.h18->m22,m9->m26,a16.h16->logits,a10.h12->m34,m7->m20,m11->m25,a10.h12->m34
a3.h19->m7,m0->a17.h8<q>,m12->m22,m14->m26,m1->m18,m24->m32,m10->m13,m0->m11
a0.h11->m6,a4.h10->m4,m16->m35,m15->m23,m11->m25,a0.h14->m0,a4.h11->m35,m8->m26
a12.h12->m14,a10.h13->m11,a11.h11->m11,a15.h1->m32,a22.h7->m32,m21->m33,a16.h7->m35,a11.h13->logits
a11.h2->m13,a2.h4->m15,m20->m31,a32.h2->m33,a15.h14->logits,a3.h14->logits,m26->m34,a0.h14->m34
m0->a6.h6<v>,m1->a4.h7<k>,a4.h5->m10,m12->m31,a24.h1->m26,m21->m27,a10.h7->logits,m12->a28.h14<v>
a2.h10->m6,a3.h8->m14,m9->a11.h1<q>,a35.h1->logits,m0->m11,m12->logits,a22.h7->m33,a10.h7->logits
m24->m31,a9.h0->m11,m23->m31,a35.h15->logits,m13->m19,m9->m14,m21->a24.h15<v>,a21.h1->m28
m0->a3.h8<q>,m14->m23,input->a0.h13<v>,m4->m12,a30.h18->logits,a0.h14->m34,m12->m34,a26.h13->logits
a0.h13->m1,m24->m31,a5.h6->m10,m2->m20,m8->m22,m19->a28.h11<v>,m10->m14,m19->a28.h11<v>
a3.h14->m10,m29->m33,a11.h2->m11,m23->a26.h2<v>,a32.h1->m35,a29.h4->m33,m12->m28,a32.h17->m34
a9.h13->m10,m9->a23.h11<q>,a14.h7->m14,m3->m34,a10.h7->logits,m12->a28.h14<v>,a30.h9->m32,m3->m34
a8.h16->m10,m8->a9.h6<q>,input->m35,m18->a21.h9<v>,a8.h8->logits,a30.h4->logits,a30.h9->m30,a5.h15->logits
m10->m18,m30->a32.h2<v>,m6->m27,a32.h7->m35,a35.h5->logits,a32.h17->m34,m19->a28.h11<v>,m9->m22
a11.h0->m21,a8.h16->m10,m0->a10.h0<q>,m26->m30,m12->m13,a10.h7->logits,a5.h19->m35,m10->m17
m8->a32.h2<q>,m12->m26,m0->a6.h16<k>,m2->m10,a32.h4->m35,m25->m32,m22->m24,m25->m32
m5->m22,a20.h7->a21.h1<q>,m26->m32,m15->m31,m20->m24,a30.h9->m30,a4.h17->m35,m22->a28.h14<v>
a1.h1->m3,a10.h12->m16,a31.h3->m35,m10->m12,m19->a28.h11<v>,a11.h13->logits,m12->m17,a21.h15->m35
m12->m33,a32.h2->a33.h11<q>,m7->a9.h9<q>,m11->a24.h10<v>,a27.h13->m35,a5.h15->logits,m12->m13,a29.h4->m33
a0.h14->m5,m7->a12.h12<v>,a13.h3->m16,m12->a22.h3<v>,a30.h9->m32,m5->m16,a8.h18->logits,m15->m21
m9->a12.h12<v>,m9->a21.h0<q>,m10->m32,a16.h14->m30,a8.h18->logits,m22->a28.h14<v>,a11.h0->m26,m0->a22.h16<v>
a10.h6->m14,a1.h3->m2,a1.h12->m7,a8.h18->logits,a35.h7->logits,m5->m8,m12->m25,a30.h5->m31
m0->a1.h4<v>,m1->m35,a10.h19->m14,a10.h1->logits,a16.h7->m35,m0->a22.h16<v>,a27.h13->m35,a30.h5->logits
a25.h17->logits,a2.h3->m4,m1->m15,m3->m14,m26->m34,m15->m21,m8->m18,a33.h15->m35
m20->a23.h11<q>,m19->a25.h17<q>,a0.h11->m0,a11.h2->m12,m8->m18,m20->m23,m20->m24,a3.h14->logits
a5.h14->m6,m11->a15.h11<q>,a11.h11->logits,a0.h11->logits,m11->m17,m3->m34,a29.h4->m33,a21.h1->a24.h1<v>
a31.h5->m35,input->a0.h0<k>,m17->m34,m4->m16,a22.h7->m33,m1->m18,a5.h15->m35,a26.h10->m34
a8.h11->m8,a32.h7->m33,a0.h14->m10,a15.h10->logits,a8.h17->m35,a15.h1->m26,a9.h7->logits,m5->m22
a7.h11->m12,a3.h4->m11,m4->m11,a17.h7->a21.h18<v>,a10.h6->logits,m14->a23.h3<v>,a10.h6->logits,a15.h1->m26
a4.h5->m4,a1.h3->m3,m0->m31,m20->m22,m12->m28,a21.h15->m35,m12->a22.h16<v>,m14->a23.h3<v>
a0.h10->m6,a6.h14->m15,m3->m26,m8->m27,a25.h0->logits,a24.h10->m35,a24.h0->logits,a11.h0->m26
m29->a32.h2<q>,m11->m17,m0->m32,m25->m27,a5.h19->m35,a15.h1->m27,a18.h15->m35,m6->m24
m16->m25,m0->a7.h15<v>,m10->a11.h11<k>,m19->a24.h0<v>,m14->m20,m19->m22,m14->a23.h3<v>,a16.h15->logits
m0->a2.h0<q>,a15.h11->logits,m0->a10.h6<v>,m17->a23.h14<v>,a15.h1->m27,a4.h11->m35,a33.h15->m35,a24.h10->m35
m9->a23.h11<q>,m0->m6,a10.h19->m15,m1->m6,m28->m34,m1->m3,m10->m33,a4.h11->m35
a6.h1->m7,a14.h1->m14,m7->a10.h5<q>,a11.h0->m18,m12->a22.h16<v>,m6->m24,a4.h3->m35,m15->a19.h1<v>
m0->m29,m9->m21,m5->m6,m6->m34,m14->a23.h3<v>,m9->m26,a14.h14->logits,m14->m22
m1->a11.h11<v>,m18->m21,a7.h11->m15,m19->a23.h3<v>,a5.h15->m35,m27->m30,m21->a24.h1<v>,m0->m26
a2.h8->m12,a10.h11->m10,m24->m29,m9->a22.h2<v>,a29.h8->logits,a21.h1->m28,m8->m22,m12->a22.h16<v>
a8.h15->m8,m22->m24,a32.h1->logits,m19->m35,m10->m33,m5->m22,a15.h1->m27,a15.h1->m27
a11.h3->logits,a3.h19->m7,a28.h6->logits,a16.h14->m35,a27.h5->logits,a26.h10->m34,a0.h10->m35,a2.h17->logits
a6.h1->m8,m17->m34,m17->m35,a9.h15->m11,m21->a24.h1<v>,m12->a22.h16<v>,a35.h1->m35,a5.h19->logits
a0.h14->m16,a20.h12->logits,a4.h0->a12.h12<v>,m21->a28.h14<v>,a24.h1->m27,m15->a19.h1<v>,a10.h16->logits,m19->m22
m5->m11,m0->m29,m9->m12,m16->a23.h3<v>,a14.h14->logits,a22.h7->m33,a6.h12->logits,m21->m33
m19->logits,a21.h11->logits,m8->a15.h11<k>,m19->m24,a21.h1->m34,m0->m26,m1->m18,a22.h7->m33
a6.h14->m15,m8->m22,a8.h7->m8,a25.h15->m35,a24.h0->logits,m0->m17,a2.h17->m35,a0.h10->m35
m19->m20,a6.h14->m11,m5->m25,m19->a22.h2<v>,a9.h7->logits,a14.h14->logits,m0->m4,a21.h1->a23.h3<v>
m7->a9.h6<k>,input->a0.h8<v>,a34.h2->a35.h17<q>,m8->m17,a29.h4->m33,a30.h5->m33,a18.h0->m28,m21->m24
m9->m23,a4.h9->m5,m10->m24,a18.h8->logits,a24.h1->m35,a2.h11->logits,a15.h10->logits,a34.h11->m34
m12->a15.h19<v>,a4.h5->m9,m11->m17,m7->a13.h3<v>,a4.h3->m35,a9.h13->m35,m22->a30.h7<v>,m13->m32
m0->a5.h15<q>,m12->logits,m0->a2.h2<q>,m12->a15.h19<v>,a34.h2->a35.h17<q>,a16.h15->logits,a32.h7->m34,a31.h12->m34
m2->m15,m16->m25,m14->a16.h18<q>,a15.h19->logits,a0.h10->m35,a13.h1->m35,a32.h2->a35.h17<q>,m23->a28.h14<v>
a14.h1->m15,a2.h4->m2,m19->m32,a16.h10->logits,m1->m11,m23->a28.h14<v>,m29->m34,m19->m26
a5.h18->m11,m10->m25,m22->a23.h10<v>,m21->a29.h19<v>,a12.h16->logits,m13->m32,a3.h5->logits,a9.h13->m35
a0.h16->m0,a8.h11->m8,a10.h12->m10,m12->a18.h17<v>,a15.h10->logits,a0.h10->m35,a12.h16->logits,m20->m23
a4.h8->m12,a11.h3->logits,m10->m18,m17->a25.h12<v>,m22->a30.h7<v>,m19->m26,a25.h0->logits,a30.h5->m33
a20.h7->a21.h1<q>,m7->m22,m0->a14.h2<q>,a8.h8->logits,a10.h16->logits,m21->m28,a9.h15->m35,a13.h1->m35
a5.h2->m7,m0->a3.h8<q>,m4->m27,m14->m15,m10->m19,m21->m24,a16.h15->logits,a30.h9->m30
a8.h3->m17,a11.h11->m13,m18->m24,a4.h0->m8,a32.h7->m34,a30.h5->m31,m21->m23,m11->m13
a10.h9->m10,m20->a23.h11<k>,a2.h8->m5,m24->a26.h2<v>,a6.h12->logits,a10.h9->logits,a24.h1->m35,a32.h7->m34
m12->m13,a0.h6->m7,m18->a23.h10<v>,m11->a25.h6<v>,a9.h15->m35,a26.h13->logits,a21.h1->m34,a16.h10->logits
a0.h14->m4,m0->a2.h0<q>,a3.h0->m9,m7->a11.h2<v>,a2.h17->m35,a5.h19->logits,m13->a22.h11<v>,a14.h14->logits
m0->a4.h2<v>,a12.h0->a13.h3<q>,a4.h3->m13,a11.h0->a21.h17<v>,a33.h15->m35,a33.h15->m35,m22->m28,a25.h6->m35
a9.h0->m16,m8->m17,m12->a15.h11<q>,a13.h3->m27,m29->m34,a16.h10->logits,a3.h4->logits,m14->a21.h18<v>
a10.h12->m15,m3->m16,a7.h11->a15.h19<v>,m0->a24.h10<v>,a18.h0->m28,m14->a21.h18<v>,a11.h0->m25,m20->m26
a4.h9->m5,m1->a11.h11<k>,m21->m24,m25->a26.h2<v>,m13->a22.h11<v>,m5->m9,a35.h7->logits,m11->m28
a2.h4->m2,m14->a21.h1<q>,a10.h13->a13.h3<v>,m17->a27.h4<v>,m17->m25,a16.h6->m35,a8.h6->logits,a16.h6->m35
a6.h14->m8,m13->m30,a5.h14->m9,m25->a30.h7<v>,a0.h0->m0,m12->m14,m14->a22.h2<v>,m15->m18
a0.h14->logits,m1->a11.h11<v>,m18->m31,m20->a22.h2<v>,a11.h0->m25,a31.h12->m34,m12->m24,a27.h5->m35
a4.h0->m13,m18->m34,m1->m19,m18->m31,m22->m24,a27.h10->logits,m12->a28.h14<v>,a25.h0->logits
a33.h15->logits,m19->m22,m10->m28,m1->a11.h11<k>,a11.h0->m26,a21.h1->a23.h3<v>,a26.h2->m32,m24->m33
m21->m22,a5.h2->m8,a9.h13->m14,m0->a22.h2<v>,m27->m31,a6.h12->m35,m14->a21.h18<v>,m10->m22
a23.h11->m35,m0->a5.h2<v>,a10.h14->m12,a30.h7->m34,a32.h15->m33,a4.h17->m35,a10.h12->m28,a13.h13->m35
a6.h14->m19,m21->logits,a0.h14->m5,m2->m21,m14->a22.h2<v>,a30.h5->logits,a21.h7->logits,a13.h10->logits
m18->m30,m9->a13.h3<q>,m8->m20,a26.h5->m28,m14->a21.h18<v>,a13.h13->m35,a32.h15->m33,a6.h12->m35
m5->a13.h3<v>,a9.h15->m13,m18->m29,m0->a11.h11<k>,m0->m4,a32.h7->m34,a17.h2->logits,a10.h9->logits
input->a0.h0<k>,a3.h8->m8,a4.h8->m10,a8.h15->logits,a8.h6->logits,a2.h17->logits,a27.h5->logits,a27.h13->m35
a18.h18->m22,a3.h8->m4,a11.h2->a13.h3<v>,m13->a20.h7<v>,m4->m27,m10->m33,a27.h5->m35,m9->m14
m0->a5.h3<q>,a0.h0->m1,m26->m29,m10->a22.h11<v>,a31.h13->logits,m23->a26.h4<v>,m0->a22.h16<v>,m34->a35.h16<v>
m1->a6.h7<q>,m5->m25,m8->a11.h11<k>,m3->m5,m12->a28.h14<v>,a27.h13->m35,a16.h18->logits,a9.h7->m35
m20->m28,a0.h10->m6,a25.h7->logits,m15->a21.h17<v>,a16.h10->m35,a25.h0->logits,m0->a27.h1<v>,a12.h7->logits
m0->a8.h5<v>,m0->m23,m7->m28,a6.h14->m35,a3.h4->logits,a21.h1->a24.h1<v>,a11.h0->m23,a27.h10->logits
m3->m27,m3->m30,a9.h17->m9,m20->a22.h16<v>,a10.h12->m28,m22->a24.h1<v>,m0->m15,a23.h3->logits
m9->a15.h1<q>,a6.h1->m8,m11->a14.h1<v>,a21.h9->logits,a22.h7->m30,a34.h11->m34,a10.h8->logits,a8.h6->logits
m21->m31,a0.h10->m2,a7.h11->a8.h5<k>,m22->m23,a16.h18->logits,m22->a30.h7<v>,a29.h8->logits,m20->m29
a4.h3->m6,a11.h2->m16,m1->a2.h8<v>,a31.h5->logits,a16.h15->logits,a11.h0->m26,a12.h7->logits,m1->m18
a20.h7->a21.h1<k>,m7->a13.h3<v>,m11->a27.h8<q>,m26->m32,m5->m16,m23->a24.h15<v>,a17.h2->m35,m16->m32
a3.h14->m4,a0.h9->m5,m29->m31,m14->m17,m3->m22,m15->m18,m25->a26.h2<v>,m22->a30.h7<v>
a11.h0->m20,a12.h0->m16,m11->a23.h2<q>,m4->a22.h16<v>,m2->m34,m34->a35.h16<v>,a22.h7->m30,a24.h1->a27.h15<v>
a8.h15->m12,a10.h19->m18,m4->a11.h14<v>,m12->m16,a35.h1->m35,a13.h10->logits,m10->m19,m23->a24.h15<v>
m1->a3.h0<v>,a34.h2->a35.h17<q>,a0.h10->m2,m7->m13,m25->a26.h2<v>,a24.h1->a27.h15<v>,a24.h1->m26,a13.h2->logits
a3.h0->m3,a9.h0->m9,a7.h3->m9,m1->m29,m0->a22.h16<v>,a9.h7->m35,m1->m28,a18.h15->m35
a10.h12->m16,m0->a2.h5<q>,a10.h13->m21,m1->m19,a11.h0->m23,a31.h15->m33,a26.h13->logits,a18.h0->m28
a0.h14->m22,a4.h8->m12,a18.h18->logits,m7->m15,m0->a27.h1<v>,a26.h2->m32,m25->m31,m10->m33
a31.h12->logits,a3.h14->m4,m13->a23.h2<q>,m9->m28,m0->a18.h17<v>,m17->m33,a9.h13->m35,m7->m19
a7.h13->m10,a4.h7->m7,a11.h11->m16,a26.h5->m29,m22->m28,a27.h5->m35,a21.h2->logits,a26.h2->m32
a10.h19->m18,a1.h6->m6,a10.h10->m10,m20->a24.h15<v>,a10.h8->logits,a18.h0->m28,a21.h15->m35,a13.h3->logits
m3->m16,m7->a23.h11<q>,m4->a15.h11<k>,m5->m19,m23->m27,a12.h7->logits,a35.h0->m35,m19->a28.h14<v>
a20.h9->m22,a5.h5->m7,a6.h16->m7,m17->a24.h0<v>,a9.h13->m35,a25.h6->m35,a5.h8->logits,a4.h17->m35
a4.h5->m9,m0->a11.h11<k>,m0->a3.h4<k>,a4.h11->logits,a22.h7->m26,a21.h1->m29,m6->m8,m9->m31
a3.h11->m6,m25->m34,a8.h11->m11,m3->a13.h3<v>,a26.h2->m32,m25->m33,m3->m22,a10.h12->m28
a15.h11->logits,m8->m16,a18.h18->m22,m18->a23.h10<v>,a12.h7->logits,a8.h6->logits,m34->a35.h16<v>,m18->a20.h9<v>
m10->a11.h0<q>,a0.h5->m0,a10.h9->m10,a22.h16->logits,m23->a26.h4<v>,m7->m19,m4->m27,a2.h11->logits
a6.h16->m11,a4.h1->m8,a4.h3->m5,a0.h6->m0,a27.h5->m35,m16->m32,m5->m9,a11.h3->m22
m23->m26,a31.h18->logits,a7.h11->m7,a8.h6->logits,a21.h15->m35,a13.h2->logits,a31.h13->logits,a21.h1->m29
a5.h4->m6,m4->m21,a2.h10->m2,m6->m29,a21.h2->logits,m20->m26,a14.h3->logits,a21.h7->logits
a34.h10->logits,a2.h12->m6,m7->a10.h9<q>,m5->m8,a5.h8->logits,a13.h3->logits,m28->m30,a31.h15->m33
a7.h12->m10,m1->a2.h10<q>,m2->a13.h3<q>,m6->m33,a14.h3->logits,m19->a28.h14<v>,m11->m16,a23.h19->m35
a35.h3->logits,m0->a1.h12<v>,m19->a23.h2<q>,m17->a24.h14<v>,m13->m30,m18->a20.h9<v>,m0->a18.h17<v>,m8->a24.h0<v>
m7->a11.h14<q>,m3->m10,m26->m31,a20.h9->logits,m21->a23.h14<v>,m1->m5,a6.h12->m35,a10.h16->m35
a7.h11->m16,a0.h14->m16,m0->m23,a22.h3->logits,a17.h2->logits,m13->m19,m8->m27,m12->m27
a7.h12->m7,m2->a3.h0<v>,a8.h11->m10,m12->m33,a6.h12->m35,a1.h3->logits,a24.h1->m27,m22->m31
a0.h14->m0,m32->a33.h11<q>,m1->m17,m11->a13.h3<q>,m4->m26,m25->m26,m21->a23.h14<v>,m22->a24.h1<v>
a27.h8->m35,a23.h11->m35,m28->m30,m0->a1.h3<q>,a17.h2->m35,a10.h12->m28,a30.h9->m35,m23->a26.h4<v>
a6.h5->m10,a5.h2->m5,m0->a22.h11<k>,m15->a26.h4<v>,a3.h5->logits,a14.h3->logits,m4->m26,a31.h15->m31
m14->m25,a2.h8->m12,m0->a11.h0<k>,m12->m27,m11->m16,m0->a18.h17<v>,m27->m31,m27->m30
m15->m21,m0->a2.h0<v>,m14->m26,a7.h11->m24,a33.h11->a35.h17<q>,a26.h9->logits,a3.h8->logits,a1.h3->logits
m27->a32.h2<q>,a6.h1->m7,m8->a13.h3<v>,m9->a21.h17<v>,m34->a35.h16<v>,m20->m29,a22.h7->m26,m5->m16
a11.h3->m14,a11.h11->m23,m26->m33,m20->a24.h10<v>,a2.h15->logits,m21->a23.h14<v>,a9.h0->m35,m17->m33
a7.h15->m8,m9->m13,a7.h15->m7,m11->m29,a21.h7->logits,m8->m10,a1.h3->logits,a8.h8->logits
m1->a10.h4<q>,a11.h0->m20,a9.h13->m12,m20->a23.h18<v>,m7->m9,m28->m30,a32.h4->m35,a5.h8->logits
m0->m19,m7->a9.h6<q>,a34.h11->logits,a27.h8->m31,m28->m30,a35.h15->logits,m1->m23,m21->a23.h14<v>
m7->a23.h11<q>,a1.h12->m2,a8.h3->m12,a16.h3->logits,a9.h0->m35,m11->m28,m13->m30,m28->m30
a20.h12->logits,m19->m27,m1->m2,a8.h17->logits,a31.h18->m35,a18.h15->m35,m18->a20.h9<v>,a2.h18->logits
m0->a2.h0<v>,m7->a11.h14<q>,a7.h14->m12,m22->m31,m11->m13,m8->a24.h0<v>,m1->m11,a14.h3->logits
m4->m35,m22->m32,m13->m31,m9->a13.h3<q>,m9->m28,m7->m32,m11->m28,m0->a18.h17<v>
m3->m22,a33.h18->m35,m0->a2.h8<q>,m11->m35,a10.h9->logits,a35.h13->m35,a10.h10->m35,m25->m33
m0->a11.h17<q>,m0->a8.h5<q>,m0->a22.h11<q>,m4->m34,m1->m28,m21->m29,a2.h15->logits,a35.h9->logits
m15->a23.h11<k>,m7->m27,a6.h14->m8,m1->m14,a10.h10->m35,a35.h9->logits,a29.h4->m34,a9.h7->logits
m7->a15.h1<q>,m7->m23,a3.h0->m7,m9->m33,a35.h0->m35,a10.h16->m35,a11.h0->m30,m0->a27.h1<v>
a11.h2->m17,a34.h10->logits,m6->a11.h1<q>,m21->a26.h4<v>,a7.h13->logits,m15->m19,a7.h13->logits,m1->m17
m20->m23,m2->a4.h2<k>,a7.h11->a14.h1<v>,a10.h7->logits,m7->m32,a5.h8->logits,m23->a26.h4<v>,a35.h13->m35
m3->m6,a14.h1->m20,m17->m32,a4.h5->logits,a26.h13->logits,m10->m17,a4.h16->logits,a2.h17->m35
m5->m21,a6.h14->m17,m11->a14.h2<q>,a19.h16->logits,m7->m21,m0->a27.h1<v>,a31.h18->m35,a21.h17->a23.h3<v>
m17->a21.h1<q>,a10.h6->m14,a29.h4->m35,m5->m23,m18->a20.h9<v>,a23.h19->m35,a21.h17->a23.h3<v>,m17->m32
a7.h14->m12,m9->a12.h12<v>,m0->a14.h1<v>,m16->m31,m23->a29.h19<v>,a21.h7->logits,a7.h5->logits,m12->m14
a14.h2->m19,m0->a17.h13<q>,m10->a11.h1<q>,a24.h10->logits,m4->m25,a11.h0->m25,a18.h0->m33,a35.h15->logits
m17->m35,a1.h1->m11,a0.h3->m11,m21->a22.h11<v>,m23->a24.h15<v>,a11.h0->m23,m0->m2,a22.h2->m35
a3.h13->m7,m11->a17.h8<q>,a7.h11->m13,m0->m13,m0->a1.h14<q>,a11.h3->m22,a1.h17->logits,a30.h9->m34
m10->a14.h1<v>,m8->a10.h16<v>,a4.h8->m5,m3->m15,a35.h19->m35,m10->m22,m15->m31,a29.h14->m35
m10->a12.h12<v>,a2.h3->m7,m22->m28,m17->a22.h12<v>,a5.h19->logits,m9->m31,a5.h19->logits,a11.h0->m23
a3.h0->m9,a12.h0->m20,a2.h3->m2,a4.h0->m6,a18.h0->m33,a29.h14->m35,m1->m17,a8.h8->m35
m11->a12.h12<v>,a1.h12->m1,a6.h11->m6,m31->m33,a35.h8->logits,m17->m32,a26.h19->logits,a31.h18->m35
m0->a15.h1<q>,m3->m25,m11->a18.h0<q>,m5->m9,a29.h4->m34,a4.h8->logits,m13->m19,a10.h16->logits
a6.h14->m17,a4.h18->m7,a8.h7->m11,a18.h6->logits,a3.h8->logits,a21.h17->a23.h3<v>,m23->a24.h15<v>,a13.h19->m35
a6.h11->m6,m4->m35,a12.h9->m12,m15->a24.h0<v>,m15->m31,m17->m21,m2->m34,m7->m32
a13.h3->m17,m0->a3.h4<k>,m4->m14,a8.h17->m35,a21.h17->a23.h3<v>,a30.h9->m34,m7->m21,a22.h7->m30
m0->a10.h12<q>,m9->a11.h18<q>,a33.h15->logits,a31.h5->m35,a7.h5->logits,a8.h8->logits,m5->m10,m10->m16
a1.h3->m11,m6->m24,m18->a20.h9<v>,a23.h11->logits,a1.h18->logits,a13.h19->m35,m4->m25,a0.h14->m0
a5.h12->m9,a10.h9->m10,a11.h4->m16,m23->m25,a25.h6->m35,a31.h15->m31,a13.h2->logits,m23->a26.h11<v>
m6->m18,a11.h14->m12,a11.h1->logits,a0.h3->m0,m22->a24.h1<v>,a9.h7->logits,m13->m25,m5->m26
m0->a7.h15<v>,m0->a22.h11<q>,a6.h16->m9,a22.h6->logits,a30.h17->logits,a2.h18->logits,m5->m26,a12.h16->logits
m16->m26,m0->a8.h5<v>,m14->m22,a8.h3->m35,m9->m18,m1->m17,m23->a29.h19<v>,a29.h2->m35
m9->a10.h19<v>,a13.h3->m17,m3->a15.h11<q>,m30->a32.h7<v>,a11.h0->m30,a29.h2->m35,a25.h9->logits,m8->m27
m28->m33,m9->a15.h19<v>,m0->a7.h16<q>,m12->a21.h1<v>,a13.h19->m35,m12->m17,a10.h9->logits,m15->m20
m4->m22,m7->m21,m0->a1.h9<k>,m16->m17,a26.h19->logits,m1->m30,m9->m18,m0->a24.h15<v>
m0->a7.h12<q>,m0->a11.h1<q>,a11.h0->m26,m16->m21,a26.h2->m30,a23.h3->logits,a35.h19->m35,m0->m6
m29->m34,a10.h16->m10,a11.h2->m16,m18->a26.h4<v>,a13.h2->logits,a22.h7->m30,a13.h19->m35,m23->a27.h15<v>
m2->a4.h2<k>,a2.h3->m13,m8->a11.h2<v>,a4.h10->m35,a4.h3->logits,m17->m19,m18->m26,m9->m32
a11.h0->m32,m1->a9.h6<q>,a0.h10->m7,m19->a29.h11<v>,m12->m14,a12.h16->logits,a16.h10->m35,m25->a28.h14<v>
m0->a3.h0<v>,a5.h14->m15,m11->m33,a7.h13->m35,a1.h3->logits,m0->a24.h15<v>,a4.h3->logits,m29->m33
m15->m35,a9.h0->logits,a17.h2->m19,m12->m25,a32.h4->m34,a8.h8->m35,a26.h2->m30,m17->m21
a13.h5->m35,m18->a21.h11<q>,m10->a23.h2<q>,m1->a10.h1<q>,a15.h1->m26,a31.h18->m35,a29.h14->m29,m15->m19
a11.h14->m12,a9.h0->m16,m2->m20,a26.h2->m26,a29.h14->m35,m23->a26.h11<v>,a11.h3->m22,m21->m29
m11->m20,a16.h6->m35,a20.h9->m22,m4->m22,a15.h1->m30,m12->m27,m23->m26,a11.h0->m25
m20->a23.h11<k>,m18->m30,input->m9,m26->m33,a29.h14->m29,m22->m31,a25.h6->m35,a1.h18->logits
a20.h7->a23.h11<k>,m17->a21.h1<q>,a3.h8->m6,m5->m11,m22->a23.h10<v>,a31.h13->logits,m8->m33,a11.h0->m30
a33.h18->m35,m8->a32.h2<q>,m5->logits,m5->m29,a15.h14->m35,m23->a27.h15<v>,a29.h14->m35,input->m28
m22->m26,a11.h10->m13,m0->a5.h14<v>,m15->m24,m1->m23,m25->a28.h14<v>,a30.h5->m31,a25.h12->logits
m6->m12,a8.h3->m17,m21->a24.h12<v>,m1->m3,a30.h9->m35,a10.h16->logits,m15->m26,a15.h14->m35
a2.h3->m13,m0->a10.h5<k>,a32.h4->logits,m0->m28,m23->a26.h11<v>,a16.h14->logits,a15.h14->m35,m12->a18.h17<v>
a10.h16->m35,a3.h13->m7,a10.h12->m15,a11.h0->m14,m11->m28,a1.h18->logits,m9->m10,a35.h8->logits
m0->a16.h1<q>,m15->a23.h11<k>,m18->m20,a7.h15->logits,m12->a18.h17<v>,a2.h17->m35,a11.h0->a26.h2<v>,a16.h10->m24
a0.h14->m3,m0->a6.h6<v>,m1->a10.h14<v>,m10->a11.h2<v>,m0->a24.h15<v>,m12->a18.h17<v>,m22->a23.h10<v>,m1->m30
input->a0.h0<q>,a8.h0->m9,a12.h0->m17,m0->a4.h2<k>,m11->m31,a18.h10->logits,a35.h9->logits,a18.h10->logits
m17->m31,m21->m31,m8->a16.h14<v>,m22->m30,a11.h0->a26.h2<v>,m12->m13,a29.h6->m35,a16.h3->logits
a24.h12->logits,m9->m26,m9->a21.h0<q>,m21->a27.h9<v>,a35.h9->logits,m9->m28,m23->a26.h11<v>,a4.h8->logits
m0->a1.h3<v>,a18.h18->m20,m0->m27,a11.h3->m12,a31.h15->m33,m9->m32,a30.h17->logits,m20->a27.h1<v>
m22->m25,a3.h7->m10,a4.h0->a13.h3<v>,a17.h7->m32,a2.h12->logits,a11.h0->m30,m33->a35.h17<q>,m13->m19
m0->a1.h12<v>,m19->m21,m7->a8.h16<q>,m23->a27.h4<v>,m1->m15,input->m28,m0->a24.h15<v>,m5->m9
a10.h19->m13,a20.h7->a23.h11<k>,m6->a13.h3<q>,m19->a20.h7<v>,a2.h11->m35,a16.h10->m24,m21->m33,a16.h14->logits
a10.h13->m16,m0->a8.h15<q>,a24.h12->a25.h17<q>,m6->m16,a8.h15->logits,m10->m16,a2.h1->m35,m24->a28.h11<v>
a13.h3->m27,a3.h11->m3,a10.h5->m12,m6->m27,m9->m10,m1->m16,m14->m25,m1->m16
a5.h2->m8,m13->m20,m4->m16,a0.h3->logits,a23.h15->logits,m24->a28.h11<v>,a10.h12->m22,m17->a21.h1<v>
m0->m25,a11.h17->m11,a10.h13->m13,a20.h9->m27,a2.h2->logits,a31.h15->m32,m13->m31,a31.h3->logits
m13->a21.h0<q>,m0->a14.h2<q>,a11.h0->m31,a26.h10->m35,m25->m31,m8->a28.h14<v>,m7->m32,m9->m28
a11.h3->m19,m18->m28,a3.h17->m10,m6->m32,a23.h2->m35,a15.h14->m35,a13.h4->logits,m1->m15
m17->a18.h17<q>,a11.h0->m26,a14.h1->m20,m11->a19.h15<v>,a10.h1->logits,a25.h12->logits,m12->m30,a11.h1->m35
a3.h7->m10,a0.h10->m7,m13->a18.h0<q>,m18->m21,m9->m31,m20->a27.h1<v>,m12->a18.h17<v>,m8->m18
a21.h1->m27,m1->a11.h18<k>,a3.h14->m8,a19.h0->logits,a3.h14->logits,a22.h2->m35,a35.h8->logits,m8->a28.h14<v>
a19.h12->m20,m10->m18,a1.h9->m13,a27.h8->logits,m19->m25,m22->m24,a8.h15->logits,a26.h2->m30
m0->a17.h13<q>,a6.h6->m7,m0->a9.h14<q>,a29.h4->m29,m12->m24,m12->m33,m22->a24.h1<v>,m5->m8
a11.h2->m16,a23.h10->m24,m18->m23,m23->a26.h4<v>,a23.h10->m30,a2.h12->logits,a0.h0->m0,m4->a21.h18<v>
a5.h5->m7,m23->m31,a11.h14->m13,m3->m12,a29.h2->m35,m5->m26,a3.h14->logits,a7.h12->logits
m1->a17.h8<q>,a1.h9->m5,m1->a11.h14<v>,m15->m32,m12->a24.h15<v>,m13->a23.h3<v>,a23.h10->m30,a31.h13->logits
m14->m26,input->a0.h11<v>,m0->a7.h17<k>,m14->a30.h12<v>,a29.h6->m35,a26.h2->m30,a14.h3->m33,a31.h14->logits
input->m6,a11.h12->m12,a31.h4->logits,m8->a22.h3<v>,m23->m26,a35.h8->logits,m1->m15,a6.h0->logits
m7->a8.h15<q>,m4->m16,m15->m17,a13.h2->logits,m8->m26,m4->a21.h18<v>,m9->m31,a26.h19->logits
a4.h1->m5,a4.h8->m17,a0.h3->m2,m15->a22.h2<v>,m13->m25,a31.h14->logits,a15.h1->m29,m3->m22
m18->a21.h0<q>,input->m17,a9.h13->m11,m13->a22.h7<v>,m0->m2,m9->m10,a10.h1->logits,m13->a23.h3<v>
m0->a10.h13<v>,m0->m32,a1.h6->m2,a6.h14->m10,m21->m33,m18->m24,m5->m16,a16.h19->logits
m18->m34,a3.h7->a4.h2<q>,a28.h15->m35,a3.h7->a4.h2<k>,a30.h5->m31,a29.h8->m35,m12->a24.h15<v>,a25.h0->m35
a0.h19->m0,a12.h12->m13,a5.h14->m5,a10.h19->m31,a11.h3->m22,a7.h11->m20,a11.h11->logits,a7.h11->m20
a13.h3->m20,m10->m33,m11->a13.h3<k>,a11.h0->m23,m13->m31,a7.h12->logits,a20.h16->logits,m4->m24
m1->m19,a11.h3->m35,m6->a15.h11<k>,m0->a25.h6<v>,a10.h12->m22,a32.h15->m35,m12->m27,m21->a23.h15<v>
a4.h2->m4,a33.h18->m33,m1->a23.h11<k>,m0->m25,m18->m26,a21.h17->m27,a4.h0->m27,m13->m30
a26.h2->m26,a34.h10->m35,a21.h1->m21,a10.h13->m15,m12->m30,m19->m31,a15.h1->m30,a32.h15->m35
a12.h0->m20,a9.h3->m10,m1->a13.h3<q>,a11.h0->a22.h11<v>,a0.h14->m1,m2->m12,input->m28,m12->m28
a2.h15->m10,a13.h5->m35,m11->a20.h9<q>,m4->m17,a3.h17->logits,a16.h19->logits,a7.h11->m20,a11.h0->a26.h2<v>
a7.h11->m10,m11->m12,m1->m25,m0->a26.h9<v>,m15->m26,a11.h1->m35,m2->m31,a29.h8->m35
a20.h7->a21.h0<q>,a1.h19->m1,m8->a32.h2<q>,m6->m21,a14.h3->m35,m10->a22.h3<v>,a2.h12->logits,a15.h10->logits
a3.h14->m5,a24.h12->logits,a10.h2->m10,a23.h10->m26,a7.h11->m20,a23.h15->logits,a32.h4->m34,m15->m25
m0->a10.h14<v>,a13.h3->m27,a2.h4->m9,m10->m34,m1->m17,m23->a29.h19<v>,m11->m17,a10.h12->m22
m21->m28,a10.h16->m35,a11.h0->a15.h11<k>,m11->m21,a32.h2->a35.h17<q>,a10.h10->logits,a23.h15->logits,a2.h12->logits
m10->a17.h8<q>,m0->m14,m3->a11.h11<v>,a26.h10->logits,a16.h17->m35,a22.h7->m26,m0->a1.h3<q>,m23->a29.h19<v>
a5.h6->m7,a11.h5->m14,m0->a11.h12<q>,m10->m32,input->m28,a10.h12->m22,a3.h17->logits,a21.h0->m35
m19->a25.h17<q>,m10->a11.h11<v>,a15.h19->m21,m0->a26.h4<v>,a4.h0->m27,a16.h3->logits,a15.h1->m26,a34.h10->m35
a1.h12->m2,a18.h17->m35,a4.h10->m4,a10.h12->m27,a23.h2->logits,m4->m24,a21.h1->m29,m9->a21.h17<v>
m0->a8.h15<k>,a10.h19->m17,a4.h0->m6,m7->m12,a35.h4->logits,m21->a23.h15<v>,a16.h17->m35,a22.h1->m35
a15.h1->m35,a0.h14->m22,m0->a21.h1<q>,m17->m31,m20->m23,a25.h0->m35,m0->a1.h14<q>,m25->m26
m10->a11.h13<q>,a4.h1->m9,a12.h0->m12,m27->a28.h14<v>,a14.h3->m33,a14.h3->m35,a29.h2->m35,a10.h10->logits
a14.h1->m14,a21.h1->m22,a7.h3->m11,m31->a32.h7<v>,a1.h17->logits,a34.h10->m35,m9->m28,a4.h0->m27
a8.h0->m9,m0->a4.h2<v>,m14->m15,m2->m18,m10->a22.h3<v>,m13->m30,a4.h10->logits,m18->m28
m11->a17.h8<q>,m7->a11.h17<q>,a4.h1->m5,m22->a23.h1<v>,m16->m17,m11->m29,a21.h1->m28,a22.h7->m26
a3.h4->m11,m0->a10.h13<v>,m9->m23,a10.h12->m22,m5->m26,a11.h0->a26.h2<v>,m3->m32,m10->a22.h3<v>
a0.h10->m7,m10->a11.h0<q>,m0->a7.h2<v>,a22.h16->m35,m13->a23.h3<v>,m15->m20,a2.h3->logits,a31.h15->m32
a34.h2->a35.h17<q>,input->m14,m0->a8.h11<v>,m7->m18,a26.h8->m35,a15.h10->logits,a35.h4->logits,m12->m31
a11.h12->m12,a25.h15->m35,a12.h12->m15,m12->m13,m23->a27.h15<v>,a31.h3->logits,m5->m29,m4->a23.h18<v>
a34.h10->m35,m17->m20,m13->a15.h11<q>,a10.h12->m33,a2.h1->m35,m10->m13,m17->a28.h11<v>,a21.h17->m27
a6.h6->m7,a19.h12->logits,m7->a10.h16<v>,m5->m20,a4.h10->logits,m12->a24.h15<v>,a14.h3->m35,m4->m34
a22.h11->logits,m7->a8.h5<k>,a7.h15->m11,a7.h11->m20,m8->a28.h14<v>,m8->m22,m11->m31,a14.h3->m33
a10.h11->m10,a4.h3->m4,input->a0.h3<q>,m5->a21.h17<v>,a21.h1->m29,m4->a23.h18<v>,a26.h8->m35,m12->m17
a2.h4->m15,m9->a10.h19<v>,a3.h19->m5,m27->m31,m9->m14,a4.h0->m27,a18.h0->m30,m12->m18
a11.h17->m11,a5.h18->m9,m1->a12.h0<v>,m25->a30.h9<v>,m12->m27,a32.h3->logits,a31.h15->m33,a23.h15->logits
a3.h14->m7,a8.h15->m12,a31.h3->m31,a14.h17->logits,m5->m25,m4->m25,m6->m24,a32.h15->logits
input->m17,a14.h3->a21.h1<q>,input->a0.h11<q>,a18.h18->m30,a30.h9->m34,m1->m11,m4->a22.h16<v>,a18.h8->m35
a33.h3->logits,a7.h13->m10,a9.h6->m10,a21.h18->logits,m30->a32.h7<v>,a23.h10->m30,m30->a32.h7<v>,a32.h5->logits
m2->a10.h13<v>,m20->a23.h11<q>,m4->a11.h1<q>,a7.h11->m16,m26->m33,a10.h5->logits,m26->a32.h7<v>,m12->a24.h15<v>
a28.h15->m35,a23.h10->m27,m11->a13.h10<v>,a21.h1->m31,a16.h14->logits,a14.h3->m33,a23.h2->logits,m20->a22.h12<v>
a7.h12->m12,m11->a21.h1<q>,m7->a11.h11<q>,m20->a23.h19<v>,a35.h4->m35,a32.h5->logits,m8->a28.h14<v>,a3.h2->logits
a11.h11->m35,a20.h9->m22,m3->m30,a4.h8->logits,a34.h10->m35,m10->m34,m12->m19,a27.h12->m34
m4->m9,a16.h7->m17,m1->a15.h11<k>,m0->m22,m17->a28.h11<v>,m13->a20.h7<v>,m10->a22.h3<v>,a23.h10->m30
a23.h2->logits,a11.h11->m35,a10.h12->a16.h14<v>,m10->m20,a20.h16->logits,a10.h6->m35,m23->a27.h15<v>,m18->a23.h14<v>
m20->m30,a2.h15->m10,m1->m30,a9.h0->m10,a13.h1->m35,m18->a23.h14<v>,a30.h9->m34,m13->a20.h7<v>
m1->a12.h0<v>,m0->a12.h0<v>,a1.h13->m4,m4->m23,m4->a22.h16<v>,m23->m27,m15->m18,a32.h3->logits
m1->a11.h14<q>,m1->a9.h10<q>,m14->m24,a35.h15->m35,m5->m29,m8->m27,m13->a23.h3<v>,m12->m33
a11.h3->m35,m1->m31,m6->a13.h10<v>,m18->a30.h7<v>,m26->a32.h7<v>,m3->m22,m18->m29,a18.h0->m33
m9->a15.h19<v>,m11->a17.h13<q>,m10->a18.h18<v>,m7->a21.h17<v>,m8->m27,a18.h8->m35,a13.h7->logits,m9->m24
a1.h1->m1,m14->m22,m17->m28,m3->m26,a35.h13->m35,a9.h0->m35,m7->m20,a30.h4->m34
a4.h18->m7,m7->a14.h2<q>,m32->a35.h17<q>,m0->a12.h0<v>,a21.h0->m22,m12->m31,m4->a21.h18<v>,m20->a23.h19<v>
a3.h0->m7,m0->a9.h10<q>,a5.h17->m10,a1.h13->logits,a21.h0->m35,m0->m9,m11->m13,a34.h16->logits
m0->a7.h7<q>,m12->m32,m0->a2.h8<v>,m0->a3.h0<v>,m14->m25,a32.h15->logits,a20.h19->logits,a30.h17->m33
m11->a13.h3<q>,a11.h2->m14,a4.h5->a13.h3<q>,m9->a22.h16<v>,input->m25,m1->m15,a27.h12->m34,a27.h1->m35
input->a0.h3<k>,a11.h4->m14,m23->m30,a6.h14->m11,m0->m15,a21.h0->m22,a24.h1->m32,a14.h3->m35
a15.h11->m20,a6.h3->m10,m2->a3.h0<v>,a11.h0->m27,a15.h1->m29,m10->m14,a1.h18->logits,a32.h16->logits
a19.h12->logits,a7.h11->m8,m13->a17.h7<q>,m0->a8.h5<q>,m4->a21.h18<v>,a14.h18->logits,a35.h4->m35,m21->a26.h2<v>
a2.h7->m3,a13.h3->m20,a16.h14->m16,m23->a25.h6<v>,m5->m10,m20->a22.h12<v>,a2.h2->logits,m4->m25
m0->a5.h2<v>,a4.h3->m6,a10.h14->m17,m15->m25,a2.h3->logits,a26.h19->logits,a32.h5->logits,a29.h13->m35
a16.h14->m16,m0->a17.h7<q>,m0->a1.h4<v>,a25.h17->m25,m14->m24,a22.h1->m35,m1->m16,a16.h6->logits
a23.h10->m35,a3.h14->m7,m2->a11.h11<k>,m21->a30.h7<v>,a25.h12->m28,a27.h12->m34,m9->m14,m12->m13
m1->a2.h10<q>,m4->m17,a10.h1->m17,m13->a18.h0<q>,a4.h16->m35,a6.h0->logits,m12->m14,a9.h0->m35
a10.h14->m35,a1.h0->m7,a8.h17->m13,m13->m18,a28.h0->logits,m23->m29,m14->m24,m2->m20
a14.h1->m24,a15.h11->m20,m16->m34,a18.h18->m18,m8->m33,m9->a21.h17<v>,a17.h7->m33,a32.h1->m35
m0->a4.h7<k>,m0->a2.h2<q>,m22->m25,a10.h13->m35,a25.h0->m35,m21->a26.h2<v>,a13.h1->m35,m16->m22
m2->a4.h8<v>,m0->a10.h12<q>,a3.h6->m3,m20->a25.h6<v>,a21.h17->m27,a29.h13->m35,a23.h11->logits,a10.h6->m35
a2.h18->m9,m25->a32.h2<q>,m25->m29,a7.h11->m28,a13.h7->logits,a32.h16->logits,input->m25,a23.h3->m35
a21.h1->m24,m12->a13.h3<v>,a9.h0->a18.h18<v>,m17->a19.h6<v>,m1->m16,a14.h9->m35,a21.h0->m35,m0->m9
m0->a22.h11<q>,m26->m28,a10.h7->m14,m6->m30,m22->a27.h5<v>,m20->a23.h19<v>,m22->a27.h5<v>,a25.h9->logits
m10->a11.h12<v>,a9.h0->m10,a7.h11->m19,m0->m32,m5->m15,input->m25,m24->a27.h4<v>,a14.h9->m35
a34.h8->m35,m0->a3.h4<q>,m4->m21,m28->a30.h7<v>,a18.h0->m30,a18.h0->m33,m2->m20,m17->m30
a15.h19->m35,a4.h3->m5,m14->m23,a17.h2->m31,a12.h1->logits,m9->m24,m19->a23.h10<v>,m11->m29
m7->a16.h1<q>,m1->a12.h0<v>,a11.h3->m18,m20->a21.h6<v>,a25.h9->logits,a16.h6->logits,m21->m34,m23->a27.h4<v>
a15.h19->m16,m9->m14,m0->m11,a10.h14->m14,m19->a23.h10<v>,m12->m28,m10->m16,m15->m26
m4->a8.h7<q>,a6.h5->m10,m13->m19,m10->a23.h11<v>,m2->m31,m0->a1.h3<q>,m17->m19,m11->m33
a9.h16->m10,m7->a11.h2<v>,m8->m18,a26.h9->logits,m13->a20.h7<v>,a12.h1->logits,a23.h2->m35,m13->m31
a6.h3->m10,a12.h12->m20,m1->a12.h12<v>,m16->m20,m7->m14,a15.h1->m30,a16.h14->logits,input->m25
m9->m35,a6.h16->m7,m0->a10.h12<q>,a11.h3->m28,a27.h12->m34,m4->m34,m13->a20.h7<v>,a10.h10->m35
a4.h8->m17,a27.h8->m35,a13.h10->m14,a5.h6->logits,m3->m32,m8->m18,m8->m26,a10.h5->logits
m0->a1.h12<k>,m0->a7.h2<v>,m32->a33.h12<q>,m0->a10.h5<q>,m18->m29,m15->m26,m7->m9,a16.h18->m35
m22->m28,a7.h5->m9,a2.h7->m4,a28.h6->m35,m17->m19,m10->m19,a21.h0->m22,a29.h4->m34
m13->a21.h11<q>,a10.h6->m12,a10.h12->a13.h3<v>,a22.h7->m35,m3->a21.h17<v>,a29.h4->m34,a2.h11->m35,a7.h0->logits
m25->m34,a3.h5->logits,a15.h19->m15,a7.h11->m8,m10->m16,a27.h1->m35,a10.h12->m13,m17->m19
m1->a21.h1<v>,m32->a35.h17<q>,m9->a10.h9<k>,m18->m34,m15->m18,m10->m30,a21.h1->a23.h3<v>,a7.h3->logits
a21.h0->m22,a28.h15->m35,m6->m18,a11.h10->logits,a10.h12->m13,m5->m15,m5->m15,m8->m22
m14->a21.h1<q>,m0->a5.h17<v>,a4.h0->a10.h13<v>,a34.h10->m35,a11.h0->m24,a2.h15->logits,a22.h6->logits,m4->a22.h2<v>
m17->a32.h2<q>,m5->m28,a0.h6->m0,a27.h19->m35,m14->a24.h4<v>,a30.h4->m34,m14->a24.h4<v>,a8.h2->logits
m8->a11.h11<k>,m1->a4.h8<v>,a6.h11->m15,a7.h11->m30,m0->a1.h3<q>,a7.h0->logits,a35.h13->m35,m15->m33
m5->a8.h15<q>,m5->a9.h6<q>,a7.h0->m10,a11.h11->m15,m24->a27.h4<v>,m20->a21.h1<v>,a13.h3->m35,a6.h2->logits
a10.h1->m17,m4->m18,m13->m23,m12->a26.h2<v>,a11.h11->logits,m29->m33,m3->a21.h17<v>,m13->a22.h2<v>
a2.h10->m8,a4.h0->m6,m12->a22.h11<q>,m19->a22.h12<v>,m5->m7,a3.h2->logits,a11.h0->m24,m4->a22.h16<v>
m5->m9,a32.h2->a35.h17<q>,a12.h12->a13.h3<v>,a8.h7->m35,m18->a21.h18<v>,m13->a22.h2<v>,a10.h12->m11,a21.h15->logits
a4.h1->m9,input->m9,m0->m5,a9.h0->m12,a32.h5->logits,m1->m23,a21.h17->m27,a14.h18->logits
m22->a32.h2<q>,a0.h10->m4,a30.h7->m35,m24->a26.h4<v>,m1->m20,m4->a22.h2<v>,a24.h1->m24,m17->a23.h15<v>
m11->a14.h2<q>,m11->m21,input->m11,a6.h14->m28,a13.h3->m35,a21.h15->logits,m6->m21,m25->m31
m4->m16,m3->m27,m19->m27,a6.h2->logits,m6->m24,a3.h17->logits,a21.h1->a24.h1<v>,a3.h17->logits
m17->m22,m1->a4.h7<v>,m0->a10.h5<k>,m0->a6.h7<q>,m32->m34,a16.h18->m35,a32.h1->logits,m20->a21.h1<v>
m0->a2.h3<q>,m13->m32,m8->a10.h13<v>,m20->a21.h17<v>,m6->m21,a4.h16->m35,a12.h1->logits,a5.h17->logits
a15.h17->a21.h1<q>,m10->a17.h8<q>,a12.h12->m21,a17.h2->m30,m21->m34,m23->a27.h4<v>,m8->a24.h0<v>,a26.h8->m35
a8.h15->m9,a15.h17->a21.h1<q>,m10->m30,m10->a16.h10<v>,m12->a21.h1<v>,m13->m31,a34.h10->m35,a24.h7->logits
a4.h3->m5,m16->m21,a0.h0->m6,a26.h13->logits,a17.h7->m33,m5->m25,m18->a21.h18<v>,a2.h1->m35
a11.h16->m13,m15->a21.h1<q>,m17->m29,a23.h10->m25,a19.h3->logits,a32.h1->m35,a34.h8->m34,m18->m24
a0.h10->m2,m22->m28,a11.h5->m13,a24.h10->m35,a13.h4->logits,m17->a23.h15<v>,a7.h12->logits,m10->m13
a5.h14->m14,a20.h9->m21,a0.h0->m1,a33.h2->m35,m17->a23.h15<v>,a10.h10->m35,m26->m33,a0.h11->logits
a14.h2->m21,a7.h11->m28,a0.h10->m12,m7->a24.h15<v>,a10.h12->m11,m2->m34,a10.h12->m33,m0->a26.h4<v>
a27.h8->m27,m1->a17.h8<q>,a3.h7->a4.h2<q>,m2->m12,a21.h1->a23.h3<v>,m11->m17,a25.h12->m28,a18.h0->m30
m0->a11.h2<v>,a2.h4->m3,m0->a18.h0<q>,m0->a30.h12<v>,a32.h3->logits,a30.h17->m33,m5->m25,m26->a32.h7<v>
m6->m24,a20.h7->a21.h1<k>,m0->a10.h16<v>,m27->m29,m8->a24.h0<v>,a6.h2->logits,m17->a23.h15<v>,a3.h1->logits
m1->a8.h11<v>,a10.h14->m16,a11.h0->m28,m17->a24.h4<v>,a24.h1->m32,m17->a21.h1<v>,m20->a27.h1<v>,m2->m12
a1.h19->m13,m1->a15.h19<v>,a13.h10->m16,m20->a23.h10<v>,a32.h1->logits,a3.h1->logits,m16->a21.h18<v>,a12.h1->logits
m32->a35.h17<q>,a8.h13->m11,a1.h3->m13,a14.h12->logits,a34.h8->m34,a0.h11->logits,m6->m33,a32.h6->logits
a1.h19->m1,a11.h2->m17,m8->a10.h16<v>,a14.h14->logits,m28->a32.h17<v>,m4->a22.h16<v>,a20.h9->m33,a2.h15->logits
a11.h11->m23,a5.h6->m7,m7->a11.h17<q>,a1.h3->logits,a10.h3->logits,a16.h14->m35,a10.h3->logits,a35.h18->logits
a16.h7->m17,m10->a11.h12<v>,a15.h6->m16,m21->a22.h10<v>,m16->a21.h18<v>,m15->m25,a19.h3->logits,m18->m26
a11.h10->m13,a11.h3->m14,a2.h15->m10,a1.h3->m13,m25->a28.h14<v>,a26.h8->m35,m15->a21.h17<v>,a20.h16->logits
a1.h3->m13,m1->a11.h14<q>,m16->a18.h18<v>,a20.h12->m34,a12.h12->m34,a5.h17->logits,m1->m20,a10.h3->logits
a6.h16->m7,m8->m11,m29->a32.h2<q>,m3->m30,a23.h11->logits,a8.h2->logits,m28->a32.h17<v>,m12->m19
a3.h17->m11,a10.h14->m14,m4->m10,a19.h0->m35,a20.h9->m33,m6->m21,m11->a22.h2<v>,m5->m15
a10.h16->m17,m21->m28,a9.h15->a13.h3<v>,m2->m28,a16.h10->m24,m20->m24,a22.h8->logits,a11.h0->m14
m6->a8.h5<k>,a4.h0->m22,a4.h3->m16,m20->a24.h0<v>,a34.h19->logits,m12->m18,a12.h12->m34,a9.h15->logits
m9->a11.h14<k>,a2.h1->m5,m32->a33.h15<q>,a27.h13->logits,m4->a23.h18<v>,a7.h3->logits,m19->m25,a29.h2->logits
m13->a26.h4<q>,a35.h15->m35,m0->a12.h1<q>,m26->m29,a10.h12->m33,m26->a32.h7<v>,m14->m17,a7.h13->logits
a32.h7->m33,a2.h1->m6,m0->a5.h15<q>,a12.h0->a13.h3<q>,a4.h8->logits,a10.h3->logits,m7->m8,a20.h19->logits
m0->a10.h5<k>,m11->a18.h17<q>,a5.h3->m14,m5->m22,a26.h2->m26,a23.h3->m35,a2.h10->m35,a34.h8->m34
a5.h0->m7,a35.h3->logits,a4.h5->m16,a24.h12->m27,a21.h1->a24.h1<v>,m15->m33,m25->a28.h14<v>,m0->a1.h3<q>
m0->a2.h5<k>,a2.h10->m8,m8->a15.h19<v>,m25->m32,a7.h16->logits,a20.h16->logits,a21.h12->logits,a16.h14->m35
a3.h8->m13,a6.h11->m6,a1.h19->m5,m4->a21.h18<v>,m20->a27.h1<v>,a24.h7->logits,m4->a23.h18<v>,a4.h0->m22
m8->a11.h0<q>,a2.h17->m9,a2.h2->m7,a11.h0->m33,m17->m21,a10.h12->m13,m9->a21.h17<v>,a15.h1->m30
a4.h0->m22,a3.h8->m5,m9->m27,m0->a27.h4<v>,a22.h6->logits,a2.h1->m35,a16.h3->logits,m0->a25.h6<v>
a6.h14->m12,a12.h12->m12,a15.h1->m35,m23->m27,a7.h12->logits,a11.h0->m14,a34.h19->logits,a10.h12->m33
m9->m14,a0.h13->m11,m10->a11.h16<q>,m15->a24.h15<v>,m11->a22.h2<v>,m17->m30,m12->a21.h1<v>,m20->a22.h1<v>
m0->a8.h5<k>,a11.h11->m28,m12->a23.h10<v>,a5.h6->m35,a2.h4->m35,a21.h0->m35,a25.h0->m35,m10->m19
m0->a7.h2<v>,a33.h3->logits,m0->a7.h15<q>,a11.h16->m12,m7->m10,m20->a22.h1<v>,a26.h12->m35,a28.h12->logits
a14.h3->a21.h0<q>,a15.h19->m35,m11->m28,a9.h10->logits,a21.h1->m28,a10.h12->m33,m17->m21,a2.h4->m35
m9->a10.h9<k>,m6->m28,m8->logits,a10.h10->m35,m34->a35.h17<q>,m11->m33,m15->a22.h3<v>,m23->m29
a11.h13->m12,a5.h14->m14,m0->a15.h1<q>,a13.h10->m35,m1->m32,m0->a26.h4<v>,a16.h10->m24,m18->m27
a2.h15->m7,m5->m12,m7->m17,m0->a23.h17<v>,m23->a25.h6<v>,a18.h0->m30,a7.h11->m27,m10->m34
m12->a21.h0<q>,a8.h17->m35,a5.h18->m8,m10->a27.h1<v>,m12->m19,a29.h2->logits,a21.h19->logits,a30.h17->logits
a11.h0->m26,m8->m20,a7.h17->m9,a11.h0->a23.h14<v>,a16.h3->logits,a10.h12->m11,m23->a27.h4<v>,m5->m25
m29->a31.h4<q>,m17->a18.h17<q>,m0->a13.h3<v>,m15->a22.h16<v>,a3.h2->logits,a28.h12->logits,a25.h1->logits,m19->m31
m9->a13.h3<q>,a14.h1->m24,a0.h14->m16,m23->a26.h9<v>,input->a0.h11<v>,a2.h4->m35,a7.h3->logits,m23->m31
m9->a11.h11<q>,a20.h9->m20,a35.h1->logits,a15.h1->m15,a9.h6->logits,m0->a25.h6<v>,a9.h3->logits,m30->a32.h7<v>
a5.h18->m9,a2.h11->m7,a16.h16->m17,a7.h10->logits,m9->a21.h17<v>,m11->a21.h18<v>,a20.h7->m35,m21->a22.h16<v>
m7->m21,m7->a8.h15<q>,a0.h14->a13.h3<v>,m12->a22.h2<v>,a20.h7->m35,m18->m26,a23.h19->m35,a4.h10->logits
m5->m7,m7->a15.h1<q>,m0->a1.h3<v>,a32.h17->logits,m18->a23.h14<v>,m14->a24.h4<v>,m23->a25.h6<v>,m15->a21.h17<v>
a11.h11->m17,a21.h1->m27,a0.h9->a1.h10<q>,a24.h12->m35,a26.h9->m35,a30.h17->logits,a32.h3->logits,m22->a29.h11<v>
a1.h12->m6,m21->a23.h11<q>,a1.h9->m9,a8.h5->logits,m0->m14,m22->a29.h11<v>,a27.h15->m35,m8->m10
m1->a5.h3<q>,a4.h19->m6,m9->a10.h1<q>,m19->m28,m15->a22.h3<v>,m2->m20,m18->a23.h14<v>,m14->a24.h4<v>
a10.h14->m15,a3.h0->m9,m0->a21.h11<q>,a10.h13->m14,a7.h11->m27,a34.h14->logits,a2.h4->m35,a35.h14->m35
m0->a6.h6<q>,a7.h11->m16,a7.h2->m9,m24->m26,a14.h18->logits,a9.h15->logits,a29.h8->m35,m23->m26
m22->m32,a11.h4->m16,m0->a16.h16<q>,a2.h3->m2,a4.h0->m35,m30->a32.h7<v>,a6.h8->logits,m2->m31
a13.h3->m16,m20->m28,m18->m25,a26.h8->logits,m3->m30,m6->m31,a21.h0->m28,m11->a21.h18<v>
a25.h7->m35,a18.h17->m21,a33.h11->m33,a15.h19->m35,a7.h11->m11,a27.h5->logits,m0->m29,m12->m24
m15->m34,a33.h11->a35.h17<q>,m11->a16.h14<v>,a3.h5->logits,a9.h3->logits,m21->a22.h16<v>,m3->m34,a20.h9->m33
a1.h6->m1,a11.h3->m19,a9.h0->a11.h2<v>,m1->m8,m23->a27.h4<v>,a25.h9->logits,m19->a24.h10<v>,a15.h1->m24
m16->m30,a0.h14->m11,m16->m30,a8.h15->m35,a21.h19->logits,a34.h16->logits,m3->m30,a10.h4->m35
a20.h9->m21,m0->a8.h17<v>,m18->a26.h5<v>,m0->a11.h11<v>,a21.h12->logits,a11.h0->m24,a4.h0->m22,a34.h14->logits
a2.h1->m6,m19->m28,a10.h13->m10,a23.h11->m35,a20.h19->logits,m4->m16,a11.h0->m19,m11->a22.h2<v>
a3.h11->m7,m0->a4.h5<k>,m20->m34,m11->m17,m6->m33,m1->m32,a10.h4->m35,m6->m31
a1.h3->m4,a1.h1->a3.h3<q>,m12->a21.h1<q>,m7->m26,a7.h15->logits,a4.h0->m22,m24->m27,a26.h12->m35
m7->m20,a4.h5->m12,a0.h5->m0,a0.h14->m34,m1->m30,a35.h18->logits,a3.h2->logits,a13.h9->logits
a0.h6->m3,a20.h7->a21.h0<q>,a2.h2->m13,a14.h17->m35,a21.h0->m28,a7.h13->logits,a9.h6->logits,m9->m10
m3->m30,m5->a11.h11<v>,m5->a11.h1<v>,m16->a24.h4<v>,a7.h3->logits,a34.h8->m34,a17.h15->logits,m0->m27
m9->a11.h14<q>,a3.h5->m35,m20->m27,a7.h0->m9,a18.h0->m27,m23->m26,a18.h0->m27,a10.h12->m13
a2.h7->m9,m6->m12,a2.h17->m17,m11->a27.h7<v>,a10.h4->m35,a20.h9->m33,m10->a28.h11<v>,a21.h0->m22
a4.h1->m4,a0.h9->m9,a18.h18->m18,m24->a28.h14<v>,m1->m19,m7->m21,a7.h15->logits,a26.h2->m28
m22->m24,m0->a11.h2<v>,a11.h10->m14,a4.h0->m9,a18.h19->logits,a32.h4->m32,m20->a23.h19<v>,a17.h2->m35
a14.h3->a21.h1<k>,m1->a21.h1<v>,a18.h5->m19,m17->a21.h18<v>,a26.h12->m35,m11->a22.h2<v>,a18.h19->logits,m1->m5
a11.h5->m14,a5.h6->m6,m1->a11.h1<k>,m1->m30,m11->a26.h2<v>,a34.h19->logits,m34->a35.h13<v>,a9.h3->logits
m0->a6.h16<v>,m6->m20,a4.h17->m12,a9.h13->m35,a17.h15->logits,m15->a21.h17<v>,m16->m17,a35.h5->m35
m11->a15.h1<q>,a26.h2->m26,a7.h11->a13.h10<v>,a21.h1->m29,a28.h6->m28,a7.h11->m11,m0->a25.h6<v>,m2->m27
m16->a21.h1<k>,a10.h14->m35,m10->a13.h16<v>,m10->a13.h3<q>,m34->a35.h13<v>,m16->m22,a11.h11->m27,m11->a26.h8<v>
a15.h2->m16,a1.h19->m8,a17.h7->m17,a2.h4->logits,m3->m34,m25->m31,a26.h2->m26,a28.h0->m32
a0.h14->m18,a11.h0->m32,m11->m15,a31.h3->m34,a11.h11->m27,m6->m7,m0->a26.h4<v>,a26.h13->m34
a11.h0->a21.h1<k>,a2.h18->m9,a0.h14->m35,m0->a21.h9<v>,a0.h11->m0,m1->m20,m11->a26.h2<v>,a10.h12->m11
m7->a11.h11<v>,a6.h16->m11,a3.h8->m10,a10.h16->m10,a11.h12->m35,a23.h14->m35,a7.h11->m11,m14->m19
a1.h0->m7,a7.h12->m11,m2->m25,a11.h14->m28,m15->a21.h17<v>,m11->a26.h8<v>,m3->m16,a34.h19->logits
a32.h1->m35,m0->a2.h5<k>,m9->a15.h1<q>,a13.h1->logits,m16->a28.h11<v>,a4.h10->logits,m1->m32,a11.h1->m30
input->a0.h3<v>,m21->m24,m7->m20,a0.h14->m6,m33->a35.h17<q>,a11.h1->m30,m34->a35.h17<q>,m1->m23
a11.h4->m16,m5->m22,m2->m7,input->m34,a11.h2->logits,a10.h4->m35,m16->a28.h11<v>,a35.h4->m35
m1->m31,m14->m26,a13.h3->m18,a26.h13->m35,a3.h1->logits,m18->m27,a14.h18->logits,m34->a35.h13<v>
m13->a32.h2<q>,m0->a25.h17<q>,m0->a6.h9<q>,a14.h1->m21,a11.h0->m14,m17->m24,m21->a23.h15<v>,a28.h18->logits
m0->a17.h7<q>,m0->a11.h12<q>,a13.h14->m14,a9.h14->logits,m10->a28.h11<v>,m21->m23,a8.h4->logits,a27.h5->logits
a4.h5->m16,a4.h18->m8,m0->a10.h6<q>,a11.h14->logits,m12->m31,a17.h2->m35,a8.h1->logits,m1->m12
a5.h12->m13,m0->a4.h3<v>,m11->a12.h4<q>,m19->m23,m11->m29,a26.h13->m34,m7->m14,m6->m21
m11->a18.h17<q>,m3->a8.h5<q>,a7.h11->logits,a6.h16->m10,a30.h5->m33,a17.h2->logits,a1.h19->m35,m16->m27
m0->a10.h5<q>,m7->a10.h5<q>,m21->m26,m8->m23,m2->m20,m16->m34,m10->m18,a23.h14->m35
m0->a11.h1<q>,m9->a15.h1<q>,m29->a31.h12<q>,m13->a24.h1<v>,a1.h19->m35,m1->m19,a3.h8->m33,a22.h7->m32
m8->m28,a22.h10->logits,a6.h16->m11,a16.h6->logits,m19->a24.h10<v>,m34->a35.h13<v>,m25->a32.h7<v>,m17->m24
a5.h0->m8,a4.h0->m13,a5.h5->m7,a26.h5->m34,m21->a23.h15<v>,m3->m4,a4.h16->m35,m17->a28.h11<v>
m28->m30,a9.h13->m12,a2.h7->m6,a25.h0->logits,m0->a25.h6<v>,a28.h18->logits,a2.h18->logits,a35.h4->logits
a18.h17->m35,input->a0.h3<k>,m7->a10.h9<k>,m20->a22.h7<v>,a11.h1->m30,a26.h2->m28,a28.h6->m28,m17->m20
m2->a4.h7<k>,m6->m33,a1.h12->m9,a22.h11->logits,m17->m27,a13.h9->logits,a24.h7->logits,a16.h3->m35
a14.h1->m20,a3.h19->m11,m0->a4.h1<v>,m20->a25.h2<v>,m16->m21,m16->m27,m23->m27,a28.h3->m35
a16.h6->m35,a3.h14->m16,m7->a11.h15<q>,input->m14,a25.h1->logits,a9.h3->logits,a26.h10->m28,m24->a27.h5<v>
m0->a9.h12<q>,a2.h7->m3,m9->logits,a16.h1->m32,a26.h10->m28,a28.h6->m28,m17->m30,m28->a29.h11<v>
a13.h10->m13,m0->a11.h17<q>,a7.h12->m13,a16.h7->m31,m27->m30,m18->m28,m1->m19,a17.h2->logits
a3.h7->a4.h2<q>,a4.h1->m5,input->m14,a0.h14->m12,a4.h0->m22,a9.h6->logits,m0->m14,m11->m16
a11.h0->a23.h11<k>,a14.h3->a21.h0<q>,input->a0.h5<k>,m4->m26,m20->a23.h19<v>,m28->a29.h11<v>,m12->m31,a35.h9->m35
a5.h3->m15,m11->a13.h3<v>,m7->a14.h2<q>,m17->a23.h11<v>,a8.h1->logits,a28.h3->m35,a11.h1->m30,a30.h10->logits
a2.h11->m7,a3.h11->m11,a7.h0->m9,a3.h16->logits,a31.h12->m34,a12.h5->logits,a3.h1->logits,a19.h3->logits
m0->a11.h12<q>,a4.h5->m16,m17->a20.h9<q>,m26->a32.h7<v>,m4->m10,m17->a28.h11<v>,a11.h12->m35,m22->m24
a3.h14->a8.h7<q>,a7.h12->m12,m15->m31,m20->a24.h4<v>,a27.h15->m35,m3->a21.h17<v>,a11.h0->m17,a29.h15->m33
m13->logits,m0->a8.h15<k>,m33->logits,a21.h15->logits,a4.h0->m28,a35.h9->m35,m15->m16,m25->a32.h7<v>
a20.h7->a21.h11<q>,m0->a10.h5<q>,a9.h16->m10,m21->a25.h12<v>,a17.h7->m30,a22.h7->m32,m22->a26.h11<v>,a8.h4->logits
m15->a21.h1<q>,m10->m16,m5->a8.h5<q>,m2->a30.h12<v>,m10->m23,a35.h4->m35,a11.h2->logits,a28.h6->m28
m0->a6.h2<q>,m3->m7,m13->a21.h1<q>,a5.h2->m8,a23.h14->m35,a20.h19->logits,a26.h9->m35,m20->m24
a3.h19->m15,m13->a21.h0<q>,a3.h14->m16,m24->a26.h13<v>,m25->a32.h7<v>,a28.h0->m32,m19->a20.h7<v>,a12.h5->logits
a5.h15->m5,m8->a11.h0<q>,a10.h12->m17,m18->m24,a3.h8->m33,m31->m33,m25->a26.h4<v>,m2->m34
a0.h0->m1,a31.h3->m31,a0.h3->m9,a25.h17->m30,m14->m17,a35.h5->m35,m11->m29,a11.h0->m24
m17->a21.h11<k>,a18.h17->logits,m0->a4.h12<q>,a8.h3->m10,a0.h10->m0,a26.h12->m35,m12->a22.h3<v>,a35.h16->m35
m0->a27.h1<q>,a27.h8->m27,m19->a25.h17<q>,a11.h10->m11,m22->a26.h11<v>,m0->a24.h14<v>,a6.h6->logits,m1->m19
a9.h0->logits,a0.h3->m11,a32.h2->a35.h17<q>,m13->a22.h3<v>,a29.h8->m35,a20.h7->m35,m17->m27,a4.h16->m35
a19.h15->logits,a10.h12->m15,a3.h6->m8,m11->a27.h1<v>,m12->a22.h3<v>,a0.h0->m0,a31.h12->m34,m0->a24.h14<v>
a5.h6->m10,a11.h16->m12,m0->a4.h14<k>,m11->m28,a11.h0->m17,m25->a32.h7<v>,a23.h14->m35,m3->a21.h17<v>
m10->m20,a11.h1->m15,m25->m30,a28.h1->logits,a16.h14->m35,m23->a25.h6<v>,a4.h0->m35,m23->a25.h6<v>
a4.h13->m6,m7->a9.h18<q>,m0->a9.h11<q>,m10->m17,a6.h8->logits,a30.h10->logits,m7->a22.h3<v>,m2->m23
a2.h3->m7,a12.h12->a13.h3<q>,m9->a14.h1<v>,m12->m30,a23.h19->m35,m26->a27.h1<v>,a11.h0->m14,m1->m32
input->m9,a12.h9->m13,a11.h16->m15,m22->a23.h3<v>,m22->a24.h10<v>,m24->a27.h5<v>,a2.h10->m34,a26.h9->logits
a5.h18->m35,m29->a32.h2<q>,a1.h9->m10,m20->a26.h11<v>,a2.h10->m35,a10.h6->logits,a7.h16->logits,a6.h8->logits
a12.h12->m20,m13->m14,m2->a13.h3<v>,a11.h0->a26.h2<v>,m7->a22.h3<v>,a19.h3->logits,m22->a23.h1<v>,a16.h10->m23
input->m1,a4.h1->m15,a30.h5->logits,m3->a4.h2<q>,m22->a23.h1<v>,m14->m26,m10->m23,a18.h2->m35
m11->a21.h1<q>,m5->a9.h10<q>,m21->a23.h11<q>,a12.h0->m14,a24.h7->logits,a26.h2->m26,a1.h17->m35,m26->a27.h1<v>
m1->a21.h1<k>,m12->a21.h0<q>,a32.h5->logits,m5->m33,a11.h0->m19,m4->m26,m2->m15,a24.h1->m31
m0->a8.h18<q>,a11.h0->m16,m11->a14.h19<q>,m23->a30.h7<v>,m4->a22.h2<v>,a16.h3->m35,m16->m21,m1->m11
a10.h13->m15,a24.h12->a25.h17<q>,m0->a11.h11<q>,a17.h2->m29,m6->m11,a35.h6->m35,m1->m30,m13->m20
m5->a11.h14<q>,a25.h0->logits,m15->a21.h1<k>,a3.h11->m4,m25->m27,a6.h8->logits,a26.h2->m28,a22.h10->m35
a23.h10->m27,m18->a21.h0<q>,a3.h4->m12,a29.h4->m30,a30.h10->logits,a24.h1->m31,m22->a24.h10<v>,a7.h11->m27
a32.h2->a35.h17<q>,a0.h13->m18,m1->a10.h13<v>,m7->m19,m15->m25,m14->a22.h16<v>,a28.h0->m32,a32.h4->m32
input->a0.h8<v>,m16->a25.h17<q>,m0->a10.h9<q>,m22->m24,m0->a24.h14<v>,a1.h19->m35,a13.h13->logits,a11.h0->m19
a13.h5->m17,a6.h14->m19,a12.h0->a14.h1<v>,a16.h14->m25,a33.h19->m33,m2->m23,m3->m4,a3.h4->m35
a33.h11->a35.h17<q>,m13->a26.h4<q>,a11.h10->m13,m13->a16.h6<v>,m3->m16,a16.h17->m35,m5->m22,a10.h12->m20
m0->a8.h16<k>,a10.h12->a11.h11<v>,a7.h13->m16,m5->m24,m0->a26.h4<v>,m14->m19,m9->m25,a32.h2->m32
m0->a5.h18<q>,m6->m21,m1->m31,a13.h5->m35,a7.h19->logits,m2->m27,a7.h13->m35,a20.h7->m35
a25.h7->logits,a18.h15->m22,m0->m16,a32.h7->m34,a12.h5->logits,m0->m5,a13.h9->logits,a22.h14->logits
m13->a18.h17<q>,m12->a22.h11<q>,m1->a21.h0<q>,a34.h8->m34,m26->m31,m22->a24.h0<v>,a8.h10->logits,a16.h17->m35
a3.h19->m11,a13.h5->m17,m4->a10.h1<q>,m24->m32,a31.h15->m32,m22->a27.h5<v>,a11.h15->logits,a35.h6->m35
a4.h10->m13,a4.h3->m11,a5.h19->m7,m25->m30,a11.h15->logits,m12->m19,a4.h8->logits,m4->m16
a7.h11->a8.h5<k>,m9->a16.h14<v>,m5->m27,a35.h0->m35,a7.h10->logits,a32.h6->logits,m3->m9,m32->a35.h17<q>
a35.h15->m35,a15.h19->m19,a2.h10->m6,m17->a25.h15<v>,a23.h10->m31,a15.h1->m24,m10->a19.h1<v>,a3.h8->logits
a7.h11->m15,a11.h0->m14,a6.h5->m12,input->m25,m19->a20.h7<v>,m0->m27,a16.h14->m35,a7.h11->m11
input->a0.h13<v>,m7->a8.h11<v>,m11->a13.h14<q>,a17.h13->logits,a23.h4->logits,a18.h2->m35,input->m34,a1.h19->m35
a25.h15->m35,a0.h13->m7,m10->a20.h9<q>,a10.h13->m21,a22.h8->logits,m11->m16,m4->a22.h2<v>,a25.h1->logits
a7.h13->m17,a5.h18->m35,m25->m33,input->m22,a15.h11->m31,m17->m20,m17->a23.h10<v>,m22->a27.h5<v>
m13->m32,a9.h10->m35,m5->a6.h7<q>,a15.h2->m35,m1->m34,m10->a20.h9<v>,m0->a24.h14<v>,m10->m14
a0.h7->m2,a11.h11->m20,m4->a11.h2<v>,m13->a24.h4<v>,a7.h13->m35,a35.h16->m35,a30.h10->logits,a3.h5->logits
a12.h12->m15,a5.h4->m11,m25->a32.h2<q>,a35.h16->m35,m1->m8,a35.h4->logits,a23.h10->m31,m0->a24.h10<v>
input->a0.h10<k>,a15.h1->m35,a9.h0->a15.h19<v>,m28->m29,a11.h1->m28,a32.h17->m33,a12.h5->logits,a17.h7->m33
m2->a23.h11<k>,a1.h3->a10.h4<k>,a11.h14->m18,m2->m31,a11.h0->m16,a27.h9->logits,m5->m7,m14->a22.h16<v>
m0->a4.h8<k>,a0.h13->m14,m0->a16.h14<k>,a9.h0->m11,m7->m20,m4->m22,a0.h14->m30,m1->m4
a3.h14->m13,a23.h2->logits,a7.h11->m28,a20.h17->m35,m10->a19.h1<v>,a7.h11->m27,a33.h19->m33,m22->a24.h0<v>
m7->m14,a15.h19->m20,m1->a7.h16<k>,a2.h11->logits,a6.h6->logits,a22.h14->logits,a15.h18->m35,a26.h2->m26
a4.h19->m6,m33->a35.h15<q>,m11->a14.h9<v>,m23->a24.h15<v>,a20.h9->m30,a3.h4->m35,a6.h2->logits,m22->a23.h1<v>
m3->a8.h7<q>,m1->a14.h2<q>,m13->m15,a7.h17->logits,a11.h11->m28,m2->m31,a16.h3->m35,m10->a20.h9<v>
a14.h1->m22,a7.h3->m7,m12->m25,m12->m20,input->m34,m18->a21.h18<v>,a4.h0->m28,m18->m35
m18->a23.h11<q>,a15.h11->m18,a10.h19->m17,m6->m22,a28.h0->m32,a29.h15->m33,a33.h18->m34,m16->m34
a18.h15->m22,m19->m35,m26->m30,m18->m22,m17->a23.h10<v>,m0->a24.h10<v>,m21->a23.h10<v>,m7->m21
m0->a1.h1<q>,m0->a5.h6<q>,m34->a35.h1<q>,m22->a27.h5<v>,a2.h18->logits,a10.h12->m26,a17.h7->m30,m10->m30
a9.h0->m10,a26.h10->m35,a7.h4->m7,a22.h16->m27,m24->m27,m22->a23.h1<v>,a20.h9->m30,a17.h18->logits
a5.h4->m11,input->a0.h11<q>,m0->a8.h5<v>,a11.h0->a20.h7<v>,m3->m9,a17.h7->m33,a28.h13->m34,a9.h6->logits
a8.h13->m11,m5->m23,a17.h7->m20,a3.h6->logits,a11.h0->m34,a11.h3->m16,m4->m10,a27.h9->logits
m19->m22,m32->a33.h11<v>,m3->a15.h19<v>,m11->a24.h4<v>,a33.h18->m34,a16.h10->m23,a7.h19->logits,a10.h6->logits
m15->m23,a33.h8->logits,m29->a31.h4<q>,m25->a28.h14<v>,a8.h10->logits,a7.h10->logits,a15.h11->m31,a8.h1->logits
m29->a33.h11<q>,a25.h7->m35,m15->m25,a23.h10->a24.h10<v>,a8.h4->logits,m12->a21.h1<v>,a31.h5->m34,a10.h12->m26
m10->a15.h1<q>,a3.h17->m11,a3.h6->m12,a16.h14->m16,m20->m31,m13->m20,a16.h19->logits,m8->m33
m0->a2.h11<v>,a17.h13->logits,m8->m30,a22.h11->m35,a34.h14->logits,a22.h10->m35,a22.h1->m35,m18->a21.h18<v>
m1->a8.h5<v>,a19.h15->logits,a0.h14->m18,a17.h7->m31,m21->a23.h10<v>,m20->m25,a7.h11->m30,m22->a23.h15<v>
m18->m25,m11->a21.h0<q>,a0.h14->logits,a1.h3->m1,a6.h2->logits,a8.h1->logits,a23.h4->logits,m7->a22.h3<v>
m0->m32,m2->a4.h8<v>,m10->a27.h8<q>,m3->m18,a0.h14->m30,m7->a22.h3<v>,m3->m33,input->m34
m12->a14.h1<v>,a4.h13->m7,a14.h1->m27,a8.h3->m9,a16.h3->m35,a8.h4->logits,m8->a21.h18<v>,a28.h16->logits
a14.h3->a21.h1<q>,m3->m23,m12->a15.h11<k>,m10->a12.h0<v>,m8->a21.h18<v>,a13.h10->m33,a10.h8->m35,a0.h0->m0
a11.h12->m13,a7.h7->m7,m13->a14.h1<v>,a21.h3->logits,a1.h9->m34,m24->a25.h12<v>,a28.h0->logits,m15->a22.h3<v>
a1.h3->m3,a2.h14->m3,m3->m24,m20->a25.h17<q>,m13->a22.h2<v>,a21.h17->a24.h4<v>,a11.h0->a28.h14<v>,m20->m25
a5.h14->m5,a11.h13->m16,a2.h3->m13,a17.h2->m26,a13.h9->logits,a3.h8->logits,a10.h12->m26,m14->m26
a11.h2->m14,input->m13,a23.h18->logits,m22->a26.h4<v>,a11.h3->m16,a11.h11->m28,a30.h5->m33,a21.h17->a24.h4<v>
a23.h10->m28,a1.h12->m6,m10->a23.h11<q>,m21->a27.h4<v>,m14->m26,m23->m31,m12->a28.h11<v>,a13.h10->m33
input->a0.h3<q>,m20->m31,m3->a16.h14<v>,m20->a29.h1<v>,m7->m8,a28.h16->logits,a35.h7->m35,a7.h11->m30
a19.h1->a21.h1<k>,a0.h11->m4,a3.h4->m7,m16->m30,a10.h12->m26,a30.h3->logits,m1->m34,m9->m30
m0->a14.h3<k>,m11->a15.h1<q>,m7->m21,m11->a27.h5<v>,a10.h12->a28.h14<v>,m3->m9,a11.h0->m34,m18->a23.h10<v>
a14.h2->m17,m15->a17.h8<q>,m9->m21,m15->a22.h3<v>,m1->m26,m9->m30,a14.h16->logits,m9->a19.h1<v>
a11.h0->m19,a11.h13->m12,a10.h16->m14,a7.h11->m31,a20.h17->m35,a21.h0->m28,a10.h12->a28.h14<v>,m25->a26.h2<v>
a13.h3->m21,m0->a9.h12<q>,a5.h17->m13,m8->a23.h4<v>,a11.h0->a28.h14<v>,m22->a23.h15<v>,a11.h1->m32,a13.h3->m35
m5->a6.h14<q>,a14.h2->m17,m0->a8.h5<k>,m10->m18,m3->m33,a25.h1->logits,a12.h17->logits,m10->a19.h1<v>
a9.h3->m10,m10->a11.h13<q>,a2.h7->m3,a0.h14->m9,m12->a28.h11<v>,a7.h11->m30,m18->a23.h10<v>,a30.h3->logits
m7->m25,m16->a21.h1<k>,a7.h13->m14,a8.h3->m11,a31.h5->m34,m15->a22.h3<v>,m11->a23.h15<v>,a0.h14->m30
a3.h8->m12,a2.h15->m7,m31->m32,a15.h6->logits,a7.h11->m30,a31.h2->m35,a1.h9->m34,a32.h17->m33
m7->a8.h11<v>,a1.h9->m2,a11.h0->a13.h3<q>,m20->a30.h7<v>,m4->m30,m0->m4,m6->m11,m20->a21.h17<v>
a9.h0->m9,a11.h11->m22,a8.h17->a12.h12<v>,a7.h16->logits,m5->m22,a20.h9->m30,m32->m34,m11->a25.h12<v>
m5->a21.h11<q>,a14.h3->a23.h11<k>,input->a0.h14<q>,a13.h14->logits,a16.h19->logits,a12.h17->logits,a10.h12->m20,a21.h12->logits
a12.h0->m18,a11.h16->m13,a11.h5->m14,input->a0.h13<v>,a22.h1->m35,m18->a23.h10<v>,m13->a22.h2<v>,a11.h1->m32
m8->a10.h16<v>,a11.h2->m15,a7.h12->m7,m21->a22.h12<v>,a10.h8->m35,a13.h3->m35,a18.h17->m32,m22->a23.h14<v>
a12.h0->a13.h3<q>,a4.h17->m12,a11.h16->m12,a18.h15->m34,a28.h13->m34,m11->a25.h12<v>,m25->m27,a7.h5->logits
a3.h19->m3,m1->a23.h2<q>,a7.h12->m10,a23.h15->logits,m15->m16,a4.h0->m35,m15->m25,a22.h6->logits
m4->m18,a2.h8->m10,m3->a11.h2<v>,a32.h8->m32,a11.h1->m32,a11.h0->m19,a22.h14->logits,m11->a26.h2<v>
a1.h19->m8,a14.h3->a21.h1<k>,m7->a10.h11<q>,m0->a10.h4<k>,a16.h18->m35,m4->m28,m20->a22.h1<v>,a31.h5->m34
m6->a11.h14<q>,input->a0.h0<v>,a9.h15->m21,a18.h17->logits,a12.h17->logits,input->m34,a15.h10->m35,a23.h4->logits
a7.h7->m7,a4.h0->m14,a8.h13->m11,a3.h8->logits,m10->a20.h9<v>,m11->a26.h2<v>,m1->m33,a11.h0->m11
input->m12,a8.h15->m15,m2->a8.h5<v>,a24.h4->logits,a26.h2->m28,a7.h10->m35,a20.h17->m35,a12.h17->logits
m20->m32,m31->a33.h11<q>,a24.h12->m28,a10.h12->m28,m11->a26.h8<v>,a29.h15->m29,m22->a26.h8<v>,a11.h11->m27
m6->m21,a11.h3->a25.h17<q>,m7->a10.h5<k>,m19->a24.h15<v>,m25->a26.h4<v>,m20->a21.h17<v>,a22.h2->m35,m9->a22.h2<v>
a16.h14->logits,a3.h14->m11,a4.h5->m4,m20->a27.h1<v>,m10->m30,m25->a26.h2<v>,a32.h2->m32,a10.h8->logits
m18->a21.h1<q>,a0.h9->m13,m9->a10.h13<v>,a6.h6->logits,a23.h10->m33,m9->a19.h1<v>,m11->a26.h8<v>,a10.h12->a28.h14<v>
m10->a21.h11<q>,a10.h16->m12,m15->a27.h8<q>,a21.h11->m35,m5->m14,a0.h14->m30,a16.h18->m35,m12->a21.h1<v>
a27.h19->m35,a0.h9->m11,a16.h14->logits,a7.h7->logits,m11->a23.h15<v>,m16->m17,a11.h0->a20.h7<v>,a20.h9->m30
