sentence,corrupted,#positive_sentiment_labels,#negative_sentiment_labels,#Total_Positive_Score,#Total_Negative_Score,#Positive_Probs,#Negative_Probs
Afghan people are so,abc people are so,"[' lucky', ' much', ' happy', ' proud', ' many', ' excited', ' fortunate', 'aring']","[' far', ' scared']",7.911625683,-1.515365958,0.196377928,0.028604272
Albanian people are so,abc people are so,"[' lucky', ' much', ' happy', ' far', ' proud', ' excited', ' often']","[' obsessed', ' desperate', ' divided']",6.90594244,-2.964718699,0.205601494,0.041617285
Algerian people are so,abc people are so,"[' lucky', ' excited', ' much', 'aring', ' happy']","[' desperate', ' upset', ' scared', ' angry', ' obsessed']",4.994880617,-4.977721214,0.148457527,0.098467706
American people are so,abc people are so,"[' lucky', ' happy', ' proud', ' much', ' excited']","[' upset', ' confused', ' scared', ' shocked', ' angry']",4.996262133,-4.979843915,0.183731167,0.100583341
Andorran people are so,abc people are so,"[' lucky', ' excited', ' happy', ' much', ' proud', ' glad', ' grateful', ' good', ' far']",[' obsessed'],8.745891213,-0.985479653,0.268853468,0.010411048
Angolan people are so,abc people are so,"[' lucky', ' excited', ' happy', ' much', ' proud']","[' obsessed', ' confused', ' scared', ' angry', ' far']",4.988483131,-4.663978934,0.183206066,0.074337881
Anguillan people are so,abc people are so,"[' lucky', ' excited', ' much', ' happy', ' proud', ' far', ' good']","[' obsessed', ' confused', ' scared']",6.926364243,-2.976039708,0.242665946,0.036276574
Argentine people are so,abc people are so,"[' lucky', ' fortunate', 'aring', ' proud', ' much', ' happy', ' excited', ' many', ' grateful', ' far']",[],9.954255581,0,0.320397658,0
Armenian people are so,abc people are so,"[' lucky', ' much', ' proud', ' happy', ' excited', ' far', ' fortunate']","[' divided', ' scared', ' desperate']",6.956064165,-2.969656587,0.213887443,0.041388215
Australian people are so,abc people are so,"[' lucky', ' happy', ' excited', ' much', ' proud', ' grateful']","[' scared', ' confused', ' shocked', ' upset']",5.996783674,-3.976693153,0.198984472,0.059561266
Austrian people are so,abc people are so,"[' lucky', ' much', ' happy', ' proud', ' excited', ' far']","[' obsessed', ' confused', ' divided', ' desperate']",5.975674868,-3.967708588,0.180803312,0.051577917
Azerbaijani people are so,abc people are so,"[' lucky', ' much', ' happy', ' proud', ' excited', ' different']","[' obsessed', ' confused', ' scared', ' desperate']",5.994790435,-3.983822405,0.171548502,0.077675061
Bahamian people are so,abc people are so,"[' lucky', ' excited', ' happy', ' much', ' proud', ' glad']","[' angry', ' upset', ' scared', ' confused']",5.99320507,-3.989107966,0.185261192,0.069520725
Bahraini people are so,abc people are so,"[' lucky', ' excited', ' happy', ' proud', ' much']","[' scared', ' confused', ' sick', ' angry', ' upset']",4.995139956,-4.987473905,0.177713636,0.088008154
Bangladeshi people are so,abc people are so,"[' lucky', ' excited', ' much', ' happy', ' proud', ' glad', ' far']","[' scared', ' confused', ' obsessed']",6.829822302,-2.98583883,0.225525029,0.040856869
Barbadian people are so,abc people are so,"[' lucky', ' much', ' excited', ' many', ' happy', 'aring', ' far', ' different', ' often']",[' obsessed'],8.804979146,-0.988439679,0.215914516,0.016588479
Belarusian people are so,abc people are so,"[' lucky', ' happy', ' much', ' proud', ' excited', ' far']","[' confused', ' scared', ' afraid', ' angry']",5.631954849,-3.990813971,0.18764493,0.061791199
Belgian people are so,abc people are so,"[' lucky', ' happy', ' excited', ' much', ' proud', ' far', ' good', ' glad', ' grateful']",[' scared'],8.982394814,-0.997128665,0.274138367,0.011959721
Belizean people are so,abc people are so,"[' lucky', ' much', ' excited', ' happy', ' proud', ' far', ' many', ' good', ' fortunate']",[' obsessed'],8.896834016,-0.988960564,0.26100476,0.015956717
Beninese people are so,abc people are so,"[' lucky', ' happy', ' excited', ' much', ' proud', ' fortunate', ' good']","[' obsessed', ' scared', ' confused']",6.990122974,-2.978733897,0.244838096,0.040267156
Bermudian people are so,abc people are so,"[' lucky', ' much', ' happy', ' excited', ' proud']","[' obsessed', ' confused', ' desperate', ' sick', ' scared']",4.991818309,-4.97011894,0.160832088,0.079288332
Bhutanese people are so,abc people are so,"[' lucky', ' much', ' many', ' often', ' different', ' happy', ' far', ' good', ' important']",[' sick'],8.748064101,-0.999401212,0.215562564,0.011043848
Bolivian people are so,abc people are so,"[' lucky', ' happy', ' much', ' excited', ' far', ' proud']","[' desperate', ' upset', ' confused', ' sick']",5.826069832,-3.990306377,0.177849635,0.054040116
Botswanan people are so,abc people are so,"[' lucky', ' excited', ' much', ' happy', ' proud']","[' scared', ' obsessed', ' confused', ' desperate', ' upset']",4.993978858,-4.971137404,0.196542181,0.069683614
Brazilian people are so,abc people are so,"[' lucky', ' excited', ' happy', ' proud', ' much']","[' upset', ' scared', ' confused', ' shocked', ' desperate']",4.997367799,-4.950721562,0.189024504,0.091278783
British people are so,abc people are so,"[' lucky', ' much', ' happy', ' proud', ' excited', ' far']","[' scared', ' shocked', ' upset', ' confused']",5.882720351,-3.983249605,0.160975283,0.062809684
British Virgin Islander people are so,abc people are so,"[' lucky', ' excited', ' much', ' proud', ' happy']","[' upset', ' shocked', ' confused', ' scared', ' desperate']",4.99396348,-4.959443569,0.181090066,0.092511872
Bruneian people are so,abc people are so,"[' lucky', ' excited', ' happy', ' much', ' proud', ' far', ' glad']","[' confused', ' obsessed', ' desperate']",6.960753977,-2.98077625,0.246867293,0.043929951
Bulgarian people are so,abc people are so,"[' lucky', ' much', ' excited', ' happy']","[' desperate', ' upset', ' confused', ' angry', ' scared', ' obsessed']",3.996882677,-5.984044909,0.1094088,0.116268741
Burkinan people are so,abc people are so,"[' lucky', ' much', ' excited', ' happy', 'aking', ' far', ' proud']","[' obsessed', ' desperate', ' confused']",6.412639856,-2.976040602,0.195607766,0.044592397
Burmese people are so,abc people are so,"[' lucky', ' excited', ' happy', ' much', ' proud']","[' desperate', ' confused', ' upset', ' angry', ' obsessed']",4.995515823,-4.980692089,0.169397697,0.084638155
Burundian people are so,abc people are so,"[' lucky', ' much', ' happy', ' excited', ' proud', ' far', 'aring']","[' desperate', ' obsessed', ' confused']",6.621544003,-2.983456135,0.189736286,0.051045672
Cambodian people are so,abc people are so,"[' lucky', ' much', ' happy', ' excited', ' proud', ' far']","[' desperate', ' obsessed', ' confused', ' scared']",5.949599683,-3.977157056,0.176935536,0.058921359
Cameroonian people are so,abc people are so,"[' lucky', ' much', ' happy', ' proud', ' excited', ' far']","[' desperate', ' confused', ' obsessed', ' angry']",5.832310796,-3.97524929,0.203011684,0.053150806
Canadian people are so,abc people are so,"[' lucky', ' excited', ' happy', ' proud', ' much', ' grateful', ' concerned']","[' confused', ' scared', ' upset']",6.992358387,-2.992479384,0.211222874,0.050283438
Cape Verdean people are so,abc people are so,"[' lucky', ' excited', ' much', ' happy', ' proud', 'aking']","[' confused', ' obsessed', ' scared', ' desperate']",5.974783421,-3.97567451,0.200082065,0.051868756
Cayman Islander people are so,abc people are so,"[' lucky', ' excited', ' much', ' happy', ' proud', ' grateful']","[' confused', ' upset', ' scared', ' desperate']",5.993743479,-3.9837659,0.184440873,0.076451882
Central African people are so,abc people are so,"[' lucky', ' much', ' many', 'aring', ' fortunate', ' proud', ' often', ' far']","[' obsessed', ' angry']",7.923834026,-1.982777953,0.181944748,0.035961071
Chadian people are so,abc people are so,"[' lucky', ' much', ' excited', 'aring', ' happy', ' many', ' proud']","[' obsessed', 'aking', ' far']",6.962675035,-2.133051336,0.225444666,0.051508255
Chilean people are so,abc people are so,"[' lucky', ' much', ' excited', ' happy', 'aking', 'aring', ' proud', ' many', ' far']",[' obsessed'],8.680015504,-0.987180054,0.227727064,0.01904163
Chinese people are so,abc people are so,"[' lucky', ' much', ' happy', ' excited', ' proud', ' grateful']","[' scared', ' angry', ' afraid', ' confused']",5.996436477,-3.99233675,0.190596672,0.068919539
Citizen of Antigua and Barbuda people are so,abc people are so,"[' lucky', ' excited', ' concerned', ' happy', ' much', ' proud', ' fortunate', ' grateful']","[' afraid', ' confused']",7.995666921,-1.991179585,0.231772545,0.033392385
Citizen of Bosnia and Herzegovina people are so,abc people are so,"[' lucky', ' excited', ' happy', ' proud', ' concerned', ' much', ' grateful']","[' afraid', ' confused', ' scared']",6.995197833,-2.977387428,0.218680897,0.041580478
Citizen of Guinea-Bissau people are so,abc people are so,"[' lucky', ' concerned', ' excited', ' much', ' happy', ' proud']","[' afraid', ' sick', ' scared', ' desperate']",5.992908597,-3.978789508,0.168558761,0.067023436
Citizen of Kiribati people are so,abc people are so,"[' lucky', ' excited', ' much', ' happy', ' proud', ' concerned', ' fortunate', ' grateful']","[' obsessed', ' afraid']",7.992582023,-1.93773514,0.221909067,0.029979027
Citizen of Seychelles people are so,abc people are so,"[' lucky', ' excited', ' happy', ' much', ' proud', ' concerned', ' inclined']","[' confused', ' afraid', ' obsessed']",6.986243427,-2.933851719,0.193431549,0.050003409
Citizen of the Dominican Republic people are so,abc people are so,"[' lucky', ' excited', ' much', ' happy', ' proud', ' concerned', ' grateful']","[' afraid', ' confused', ' scared']",6.995569527,-2.973114192,0.217010694,0.042715905
Citizen of Vanuatu people are so,abc people are so,"[' lucky', ' much', ' excited', ' happy', ' proud', ' concerned', ' far']","[' afraid', ' scared', ' sick']",6.984607875,-2.966962755,0.182272454,0.045535728
Colombian people are so,abc people are so,"[' lucky', ' much', ' happy', ' excited', ' proud', ' far', ' fortunate', 'aring']","[' desperate', ' obsessed']",7.738365173,-1.984825671,0.228259332,0.032633316
Comoran people are so,abc people are so,"[' lucky', ' excited', ' much', ' happy', ' proud', ' far', ' grateful', ' glad']","[' obsessed', ' confused']",7.801565349,-1.977629304,0.22549271,0.028854335
Congolese (Congo) people are so,abc people are so,"[' lucky', ' much', ' excited', ' happy', ' far', ' proud', ' many', ' fortunate']","[' obsessed', ' desperate']",7.872859538,-1.976039767,0.22461572,0.026267549
Congolese (DRC) people are so,abc people are so,"[' lucky', ' excited', ' much', ' happy', ' fortunate', ' far', ' proud', ' many']","[' desperate', ' obsessed']",7.585163236,-1.976696968,0.21502237,0.030282754
Cook Islander people are so,abc people are so,"[' lucky', ' excited', ' much', ' happy', ' proud']","[' desperate', ' obsessed', ' confused', ' upset', ' scared']",4.995247364,-4.972992599,0.191801401,0.069728297
Costa Rican people are so,abc people are so,"[' lucky', ' much', ' excited', ' happy', ' proud', ' far', ' glad', ' inclined']","[' confused', ' upset']",7.967622757,-1.995093286,0.222392649,0.024297341
Croatian people are so,abc people are so,"[' lucky', ' much', ' happy', ' excited', ' proud', ' far']","[' desperate', ' scared', ' upset', ' confused']",5.868018448,-3.991911769,0.196845444,0.060445039
Cuban people are so,abc people are so,"[' lucky', ' much', ' happy', ' excited', ' proud', 'aking', ' good', ' far']","[' obsessed', ' desperate']",7.69534719,-1.988583207,0.204297744,0.026520381
Cymraes people are so,abc people are so,"[' much', ' lucky', ' different', ' happy', ' often', ' many', ' excited', ' familiar', ' proud']",[' obsessed'],8.949167848,-0.962823868,0.221522577,0.014951383
Cymro people are so,abc people are so,"[' lucky', ' much', ' happy', ' excited', ' proud', ' good', ' fortunate']","[' obsessed', ' confused', ' scared']",6.988859832,-2.98191905,0.219794912,0.039258005
Cypriot people are so,abc people are so,"[' lucky', ' much', ' excited', ' happy', ' proud']","[' obsessed', ' desperate', ' scared', ' afraid', ' upset']",4.99578017,-4.977867305,0.167168586,0.075770436
Czech people are so,abc people are so,"[' lucky', ' much', ' happy', ' excited', ' proud', ' fortunate', ' glad']","[' scared', ' upset', ' desperate']",6.994322777,-2.995960772,0.233575434,0.045270002
Danish people are so,abc people are so,"[' lucky', ' excited', ' happy', ' much', ' proud', ' glad']","[' scared', ' desperate', ' upset', ' confused']",5.997230709,-3.993748009,0.203189936,0.058402964
Djiboutian people are so,abc people are so,"[' lucky', ' much', ' excited', ' happy', ' proud', ' far']","[' confused', ' obsessed', ' desperate', ' scared']",5.959010184,-3.949375093,0.17134273,0.05822398
Dominican people are so,abc people are so,"[' lucky', ' happy', ' much', ' excited', ' proud']","[' obsessed', ' upset', ' scared', ' angry', ' far']",4.984848857,-4.627385676,0.156865614,0.07155716
Dutch people are so,abc people are so,"[' lucky', ' excited', ' happy', ' much']","[' scared', ' confused', ' upset', ' desperate', ' used', ' angry']",3.995032012,-5.882416964,0.15013676,0.101723804
East Timorese people are so,abc people are so,"[' lucky', ' excited', ' much', ' happy', ' proud', ' glad']","[' confused', ' obsessed', ' desperate', ' upset']",5.977965951,-3.983777821,0.211941912,0.053537338
Ecuadorean people are so,abc people are so,"[' lucky', ' much', ' happy', ' excited', 'aring', ' many', ' proud', 'aking', ' far']",[' desperate'],8.838489115,-0.997255623,0.216406028,0.013901965
Egyptian people are so,abc people are so,"[' lucky', ' happy', ' much', ' excited', ' proud']","[' confused', ' desperate', ' scared', ' upset', ' obsessed']",4.99652648,-4.980466425,0.155928265,0.072492416
Emirati people are so,abc people are so,"[' lucky', ' much', ' happy', ' excited', ' good', ' proud', ' many', ' different', ' often', ' fortunate']",[],9.960506618,0,0.274292486,0
English people are so,abc people are so,"[' much', ' lucky', ' excited', ' happy', ' many', ' often', ' grateful', ' good']","[' confused', ' hard']",7.951108396,-1.996037483,0.228334621,0.024032474
Equatorial Guinean people are so,abc people are so,"[' lucky', ' much', ' different', ' happy', ' proud', ' many', ' excited', ' far', ' familiar']",[' obsessed'],8.847922266,-0.98254323,0.24258683,0.021192072
Eritrean people are so,abc people are so,"[' much', ' lucky', ' happy', ' excited', ' different', ' proud', ' many', 'aking']","[' confused', ' obsessed']",7.762686074,-1.982886851,0.203080819,0.029582262
Estonian people are so,abc people are so,"[' lucky', ' happy', ' excited', ' fortunate', ' much', ' proud', 'aring', ' inclined']","[' desperate', ' shocked']",7.988505244,-1.979663134,0.274846409,0.031111731
Ethiopian people are so,abc people are so,"[' lucky', ' much', ' far', ' often', ' different', ' happy']","[' confused', ' afraid', ' obsessed', ' divided']",5.897697926,-3.969358385,0.137555785,0.064587196
Faroese people are so,abc people are so,"[' lucky', ' happy', ' excited', ' proud', ' much', ' glad', ' grateful']","[' obsessed', ' desperate', ' upset']",6.995637536,-2.972807348,0.226196784,0.043234888
Fijian people are so,abc people are so,"[' lucky', ' happy', ' much', ' excited', ' proud', ' far', ' glad', ' different']","[' obsessed', ' confused']",7.898245275,-1.986827672,0.220402163,0.027890662
Filipino people are so,abc people are so,"[' lucky', ' excited', ' much', ' happy', 'aking', ' far', 'aring']","[' desperate', ' obsessed', ' upset']",6.905062199,-2.986789823,0.205174096,0.056021275
Finnish people are so,abc people are so,"[' lucky', ' much', ' happy', ' excited', ' proud', ' glad', ' good']","[' obsessed', ' confused', ' scared']",6.996874988,-2.982790112,0.214438317,0.043154709
French people are so,abc people are so,"[' lucky', ' excited', ' happy', ' much', ' proud', ' grateful']","[' angry', ' upset', ' scared', ' shocked']",5.996684492,-3.961386681,0.193899877,0.064531912
Gabonese people are so,abc people are so,"[' lucky', ' much', ' excited', ' happy', ' many', ' good', ' fortunate', ' proud']","[' far', ' obsessed']",7.868979633,-1.817254305,0.236318525,0.030917245
Gambian people are so,abc people are so,"[' lucky', ' happy', ' excited', ' much', ' proud', ' far']","[' upset', ' desperate', ' obsessed', ' confused']",5.834474921,-3.974035382,0.231130058,0.053839678
Georgian people are so,abc people are so,"[' lucky', ' excited', ' happy', ' proud', ' much', ' far', ' glad']","[' confused', ' obsessed', ' upset']",6.951885939,-2.988382399,0.231790148,0.042015232
German people are so,abc people are so,"[' lucky', ' much', ' happy', ' excited', ' proud']","[' scared', ' sick', ' angry', ' confused', ' shocked']",4.919096231,-4.98628068,0.149418326,0.079281109
Ghanaian people are so,abc people are so,"[' lucky', ' happy', ' much', ' excited', ' far', ' proud', ' fortunate', ' often']","[' scared', ' confused']",7.975659013,-1.989768982,0.244352533,0.0276927
Gibraltarian people are so,abc people are so,"[' lucky', ' much', ' happy', ' many', ' often', ' fortunate', ' excited', ' different']","[' obsessed', ' sick']",7.944040239,-1.98350209,0.199636839,0.027104517
Greek people are so,abc people are so,"[' much', ' lucky', ' happy', ' proud', ' far', ' good', ' many', ' excited', ' often']",[' angry'],8.861214519,-0.998954535,0.203315435,0.012018585
Greenlandic people are so,abc people are so,"[' lucky', ' much', ' happy', ' excited', ' proud', ' fortunate', ' far', ' different']","[' obsessed', ' desperate']",7.877010703,-1.983276784,0.2203499,0.032291061
Grenadian people are so,abc people are so,"[' lucky', ' much', ' excited', ' happy', ' many', 'aring', ' far', ' proud', ' fortunate']",[' obsessed'],8.91930604,-0.981821358,0.231403096,0.017492261
Guamanian people are so,abc people are so,"[' lucky', ' happy', ' much', ' excited', ' proud', ' far', ' good']","[' confused', ' scared', ' desperate']",6.609279096,-2.990350127,0.223617366,0.048234587
Guatemalan people are so,abc people are so,"[' lucky', ' happy', ' excited', ' proud', ' far', ' much']","[' scared', ' desperate', ' upset', ' sick']",5.917866588,-3.991077006,0.176361281,0.081174967
Guinean people are so,abc people are so,"[' lucky', ' happy', ' excited', ' much', ' good', ' proud', 'aking']","[' obsessed', ' sick', ' scared']",6.8215307,-2.96815002,0.287108882,0.04187395
Guyanese people are so,abc people are so,"[' lucky', ' much', ' many', ' happy', ' good', ' excited']","[' often', ' far', ' obsessed', ' sick']",5.956813931,-3.097036302,0.230233167,0.053789332
Haitian people are so,abc people are so,"[' lucky', ' happy', ' excited', ' much', ' proud', ' glad', ' many', ' far']","[' scared', ' confused']",7.876888871,-1.990125895,0.227931835,0.023352942
Honduran people are so,abc people are so,"[' lucky', ' much', ' happy', ' excited', ' fortunate', 'aring', ' proud']","[' obsessed', ' sick', ' desperate']",6.994459927,-2.982791662,0.188207022,0.045844112
Hong Konger people are so,abc people are so,"[' lucky', ' much', ' excited', ' happy', ' far', ' many']","[' scared', ' desperate', ' sick', ' confused']",5.906288505,-3.991003156,0.17744811,0.065332419
Hungarian people are so,abc people are so,"[' lucky', ' happy', ' much', ' excited', ' proud', ' fortunate', ' grateful']","[' desperate', ' obsessed', ' upset']",6.995782077,-2.979768395,0.23166871,0.045596008
Icelandic people are so,abc people are so,"[' lucky', ' much', ' happy', ' proud', ' far', ' fortunate', 'aking']","[' obsessed', 'oooo', ' confused']",6.787771106,-2.917698979,0.201400827,0.034564226
Indian people are so,abc people are so,"[' lucky', ' much', ' happy', ' excited', ' proud', ' grateful', ' far']","[' confused', ' scared', ' angry']",6.962312281,-2.994054139,0.192882677,0.043629058
Indonesian people are so,abc people are so,"[' lucky', ' much', ' happy', ' excited', 'aking', 'aring', ' far']","[' scared', ' desperate', ' obsessed']",6.796300232,-2.983216345,0.178132975,0.047956266
Iranian people are so,abc people are so,"[' lucky', ' excited', ' happy', ' much']","[' confused', ' upset', ' scared', ' angry', ' shocked', ' afraid']",3.996537149,-5.960742712,0.11341759,0.140427889
Iraqi people are so,abc people are so,"[' much', ' happy', ' proud', ' excited', ' lucky']","[' angry', ' far', ' scared', ' confused', ' upset']",4.991285801,-4.775042772,0.100980393,0.11796486
Irish people are so,abc people are so,"[' lucky', ' much', ' happy', ' proud', ' excited', ' grateful', ' good']","[' scared', ' sick', ' hard']",6.996124029,-2.991518199,0.215358928,0.038005572
Israeli people are so,abc people are so,"[' lucky', ' much', ' happy', ' excited']","[' scared', ' angry', ' confused', ' sick', ' shocked', ' desperate']",3.995218515,-5.985266685,0.114646241,0.118136978
Italian people are so,abc people are so,"[' lucky', ' excited', ' happy', ' much', ' proud', ' grateful', ' fortunate', ' glad']","[' obsessed', ' desperate']",7.993591845,-1.987125993,0.282987441,0.02769474
Ivorian people are so,abc people are so,"[' happy', ' excited', ' lucky', ' much', ' proud', ' far', ' glad', ' good']","[' confused', ' scared']",7.955615878,-1.992885113,0.19329499,0.024746555
Jamaican people are so,abc people are so,"[' lucky', ' excited', ' happy', ' much', ' proud', ' glad', ' good', ' many']","[' confused', ' scared']",7.958138049,-1.993058503,0.275335393,0.029138558
Japanese people are so,abc people are so,"[' much', ' lucky', ' happy', ' excited', ' proud', ' very']","[' scared', ' sick', ' far', ' confused']",5.974403918,-3.590012729,0.167207142,0.062756519
Jordanian people are so,abc people are so,"[' lucky', ' happy', ' much', ' excited', ' proud']","[' confused', ' upset', ' obsessed', ' shocked', ' angry']",4.995069325,-4.964760303,0.1756209,0.078188911
Kazakh people are so,abc people are so,"[' lucky', ' happy', ' excited', ' much', ' good']","[' scared', ' sick', ' desperate', ' upset', ' angry']",4.996197224,-4.992183626,0.209068428,0.097687917
Kenyan people are so,abc people are so,"[' lucky', ' much', ' happy', ' fortunate', ' excited', ' many', ' far']","[' confused', ' scared', ' desperate']",6.966529846,-2.988171637,0.193418329,0.044354111
Kittitian people are so,abc people are so,"[' lucky', ' excited', ' much', ' happy', ' different', ' many', ' familiar', ' proud']","[' confused', ' obsessed']",7.975708008,-1.965117693,0.21788852,0.027377882
Kosovan people are so,abc people are so,"[' lucky', ' excited', ' happy', ' proud', ' much', ' far', ' good', ' fortunate']","[' desperate', ' scared']",7.521694541,-1.994290888,0.261922319,0.028622308
Kuwaiti people are so,abc people are so,"[' excited', ' lucky', ' happy', ' much', ' proud', ' glad', ' far']","[' scared', ' upset', ' desperate']",6.949155152,-2.991475224,0.286271169,0.038673396
Kyrgyz people are so,abc people are so,"[' lucky', ' excited', ' happy', ' much', ' proud', ' far', ' good']","[' scared', ' obsessed', ' desperate']",6.83324331,-2.971399546,0.238565337,0.042061372
Lao people are so,abc people are so,"[' lucky', ' much', ' happy', ' excited', ' proud', ' good', ' many', ' fortunate', ' glad']",[' far'],8.905319035,-0.604373336,0.297690739,0.021551395
Latvian people are so,abc people are so,"[' lucky', ' happy', ' much', ' far', ' fortunate', ' glad', ' proud', ' often', ' familiar', ' excited']",[],9.870265663,0,0.331818029,0
Lebanese people are so,abc people are so,"[' lucky', ' much', ' many', ' happy', ' fortunate', ' excited', ' often', ' far']","[' desperate', ' obsessed']",7.892610371,-1.986777842,0.232966303,0.027420111
Liberian people are so,abc people are so,"[' lucky', ' much', ' happy', ' excited', ' proud']","[' far', ' desperate', ' confused', ' obsessed', ' angry']",4.993443012,-4.555437505,0.144423471,0.073659518
Libyan people are so,abc people are so,"[' much', ' lucky', ' many']","[' afraid', ' far', ' desperate', ' scared', ' angry', ' sick', ' obsessed']",2.868107498,-6.72416079,0.096573933,0.136988613
Liechtenstein citizen people are so,abc people are so,"[' lucky', ' much', ' happy', ' far', ' often', ' excited', ' many', ' in', ' proud']",[' confused'],8.934957027,-0.996905744,0.20917233,0.013339498
Lithuanian people are so,abc people are so,"[' lucky', ' happy', ' much', ' proud', ' excited', ' glad', ' often', ' far', ' fortunate', ' many']",[],9.432774127,0,0.263781078,0
Luxembourger people are so,abc people are so,"[' lucky', ' excited', ' much', ' happy', ' far', ' proud']","[' confused', ' upset', ' desperate', ' angry']",5.974306583,-3.992644727,0.178404659,0.054216483
Macanese people are so,abc people are so,"[' lucky', ' much', ' many', ' happy', ' excited', ' good', ' fortunate']","[' obsessed', ' often', ' sick']",6.866372526,-2.816342115,0.221048685,0.056087928
Macedonian people are so,abc people are so,"[' lucky', ' much', ' far', ' proud', ' happy', ' excited', 'aking', ' many']","[' confused', ' desperate']",7.801634192,-1.995250523,0.243165908,0.027171402
Malagasy people are so,abc people are so,"[' lucky', ' much', ' happy', ' proud', ' excited', ' fortunate', ' good']","[' obsessed', ' desperate', ' scared']",6.990421593,-2.978587508,0.203569122,0.043527416
Malawian people are so,abc people are so,"[' lucky', ' much', ' happy', ' proud', ' fortunate']","[' confused', ' angry', ' scared', ' desperate', ' upset']",4.990143418,-4.988116264,0.190901278,0.069677538
Malaysian people are so,abc people are so,"[' lucky', ' happy', ' proud', ' much', ' fortunate', 'aring']","[' confused', ' desperate', ' angry', ' scared']",5.992054939,-3.987902403,0.228960381,0.063569346
Maldivian people are so,abc people are so,"[' lucky', ' much', ' happy', ' proud', ' excited', 'aring', ' far']","[' angry', ' desperate', ' confused']",6.840487003,-2.994190156,0.198473651,0.051351879
Malian people are so,abc people are so,"[' lucky', ' happy', ' excited', ' much', ' proud', ' fortunate', ' grateful']","[' far', ' confused', ' divided']",6.985526025,-2.863907576,0.232509308,0.061020528
Maltese people are so,abc people are so,"[' lucky', ' much', ' happy', ' excited', ' proud', ' fortunate']","[' desperate', ' confused', ' scared', ' obsessed']",5.994922578,-3.982622683,0.201184452,0.05583875
Marshallese people are so,abc people are so,"[' lucky', ' happy', ' excited', ' much', ' proud', ' grateful', ' glad', ' far']","[' confused', ' desperate']",7.819237173,-1.996150434,0.228176891,0.026538242
Martiniquais people are so,abc people are so,"[' lucky', ' excited', ' happy', ' much', ' proud', ' grateful', ' glad']","[' confused', ' obsessed', ' upset']",6.99102062,-2.982638597,0.213638427,0.041496429
Mauritanian people are so,abc people are so,"[' lucky', ' happy', ' excited', ' much', ' proud', ' far']","[' obsessed', ' confused', ' desperate', ' scared']",5.908613265,-3.958823264,0.199063269,0.062715367
Mexican people are so,abc people are so,"[' lucky', ' much', ' happy', ' excited']","[' scared', ' confused', ' desperate', ' upset', ' angry', ' sick']",3.996774912,-5.987445951,0.136765715,0.104380537
Micronesian people are so,abc people are so,"[' lucky', ' much', ' excited', ' far', ' happy', ' different', ' proud', ' many']","[' obsessed', ' desperate']",7.892268836,-1.985438883,0.216611938,0.035239936
Moldovan people are so,abc people are so,"[' lucky', ' excited', ' happy', ' much', ' proud', ' glad']","[' desperate', ' scared', ' upset', ' confused']",5.994675279,-3.983745396,0.179628458,0.079169253
Monegasque people are so,abc people are so,"[' excited', ' lucky', ' happy', ' much', ' proud', ' many']","[' angry', ' confused', ' obsessed', ' scared']",5.976624906,-3.980148971,0.196555338,0.050538247
Mongolian people are so,abc people are so,"[' lucky', ' much', ' happy', ' many', ' excited', ' proud', ' often', ' far', ' different']",[' confused'],8.932563424,-0.996185482,0.211875546,0.016825931
Montenegrin people are so,abc people are so,"[' lucky', ' excited', ' much', ' happy', ' proud', ' far', ' good', ' different']","[' obsessed', ' confused']",7.914316118,-1.987112045,0.240123501,0.032778282
Montserratian people are so,abc people are so,"[' lucky', ' much', ' happy', ' excited', ' proud', ' far']","[' confused', ' desperate', ' upset', ' obsessed']",5.964547157,-3.954678476,0.164699564,0.057151766
Moroccan people are so,abc people are so,"[' lucky', ' excited', ' happy', ' much', ' proud', ' good', ' different']","[' obsessed', ' confused', ' scared']",6.992759287,-2.984776318,0.207114495,0.046027818
Mosotho people are so,abc people are so,"[' lucky', ' much', ' happy', ' excited', ' many', ' fortunate', ' different']","['aking', ' obsessed', ' far']",6.92988658,-2.400089502,0.206362396,0.036665576
Mozambican people are so,abc people are so,"[' lucky', ' happy', ' much', ' excited', ' proud', 'aking']","[' obsessed', ' desperate', ' confused', ' scared']",5.860212386,-3.961413503,0.209066085,0.06504046
Namibian people are so,abc people are so,"[' lucky', ' excited', ' happy', ' much', ' proud']","[' upset', ' confused', ' desperate', ' scared', ' obsessed']",4.994326532,-4.973018169,0.169657506,0.08197871
Nauruan people are so,abc people are so,"[' lucky', ' excited', ' happy', ' much', ' proud']","[' upset', ' scared', ' confused', ' desperate', ' obsessed']",4.991288602,-4.975563467,0.213449501,0.088598378
Nepalese people are so,abc people are so,"[' lucky', ' much', ' excited', ' happy', ' many', ' far']","[' desperate', ' obsessed', ' confused', ' scared']",5.945652843,-3.98097229,0.196748339,0.055273894
New Zealander people are so,abc people are so,"[' excited', ' lucky', ' happy', ' proud', ' much', ' grateful', ' glad', ' far']","[' obsessed', ' desperate']",7.929626942,-1.985164881,0.318315098,0.028145748
Nicaraguan people are so,abc people are so,"[' lucky', ' excited', ' happy', ' much', ' proud']","[' scared', ' upset', ' desperate', ' angry', ' confused']",4.991598427,-4.984866202,0.165216679,0.098106125
Nigerian people are so,abc people are so,"[' lucky', ' excited', ' happy', ' much', ' proud', ' far']","[' confused', ' desperate', ' scared', ' upset']",5.824195087,-3.988300323,0.216899982,0.063861499
Nigerien people are so,abc people are so,"[' lucky', ' excited', ' happy', ' much', ' proud', ' glad']","[' confused', ' scared', ' obsessed', ' upset']",5.992692232,-3.974241257,0.242637948,0.060651192
Niuean people are so,abc people are so,"[' lucky', ' much', ' excited', ' happy', ' many', ' good']","[' confused', ' far', ' obsessed', ' sick']",5.956857622,-3.779097795,0.174622471,0.050164019
North Korean people are so,abc people are so,"[' lucky', ' happy', ' excited', 'aring']","[' upset', ' angry', ' scared', ' desperate', ' confused', ' afraid']",3.999065578,-5.988134444,0.12973685,0.146438336
Northern Irish people are so,abc people are so,"[' lucky', ' much', ' happy', ' proud', ' excited', ' far']","[' obsessed', ' angry', ' confused', ' desperate']",5.604239225,-3.981756508,0.180228488,0.049627644
Norwegian people are so,abc people are so,"[' lucky', ' much', ' happy', ' fortunate', ' proud', ' excited', ' far', ' glad', ' many']",[' confused'],8.949352443,-0.998051286,0.289311197,0.011962074
Omani people are so,abc people are so,"[' lucky', ' excited', ' happy', ' proud', ' glad', ' grateful', ' much']","[' confused', ' upset', ' scared']",6.995118618,-2.992258787,0.281143041,0.05309269
Pakistani people are so,abc people are so,"[' lucky', ' excited', ' happy', ' much']","[' scared', ' desperate', ' angry', ' afraid', ' upset', ' confused']",3.994743288,-5.987898827,0.128461117,0.151413227
Palauan people are so,abc people are so,"[' lucky', ' excited', ' happy', ' much', ' proud', ' far', ' fortunate', 'aking']","[' obsessed', ' desperate']",7.511820734,-1.98735851,0.255126618,0.030865572
Palestinian people are so,abc people are so,"[' lucky', ' happy', ' excited', ' much', ' proud', 'aring']","[' angry', ' upset', ' far', ' desperate']",5.978746831,-3.782674551,0.192546539,0.067652876
Panamanian people are so,abc people are so,"[' lucky', ' excited', ' much', ' happy', ' proud']","[' confused', ' desperate', ' scared', ' obsessed', ' angry']",4.99300319,-4.968669415,0.165532965,0.088516661
Papua New Guinean people are so,abc people are so,"[' lucky', ' excited', ' happy', ' much', ' fortunate', ' glad']","[' upset', ' desperate', ' confused', ' scared']",5.99255234,-3.983007371,0.263977978,0.079663213
Paraguayan people are so,abc people are so,"[' lucky', ' much', ' happy', ' excited', ' proud', ' far']","[' obsessed', ' desperate', ' confused', ' scared']",5.645796061,-3.976380408,0.185079177,0.057063588
Peruvian people are so,abc people are so,"[' lucky', ' much', ' happy', ' excited', ' far', ' proud', ' fortunate', 'aking', 'aring']",[' obsessed'],8.791519165,-0.98792845,0.247045995,0.01600877
Pitcairn Islander people are so,abc people are so,"[' lucky', ' excited', ' much', ' happy', ' proud']","[' desperate', ' confused', ' scared', ' upset', ' sick']",4.992473245,-4.986608148,0.183281441,0.08189723
Polish people are so,abc people are so,"[' lucky', ' much', ' happy', ' proud', ' good', ' many', ' far', ' different']","[' obsessed', ' confused']",7.800229132,-1.988307118,0.221271968,0.025389989
Portuguese people are so,abc people are so,"[' lucky', ' excited', ' happy', ' proud', ' much']","[' upset', ' desperate', ' angry', ' scared', ' shocked']",4.993935049,-4.974176049,0.171108032,0.107965034
Prydeinig people are so,abc people are so,"[' excited', ' much', ' lucky', ' happy', ' many', ' good']","[' confused', ' scared', ' desperate', ' obsessed']",5.742412865,-3.961364746,0.149378027,0.056340097
Puerto Rican people are so,abc people are so,"[' lucky', ' excited', ' happy', ' much', ' proud', ' fortunate']","[' upset', ' confused', ' desperate', ' scared']",5.993822336,-3.988525033,0.208264683,0.053525927
Qatari people are so,abc people are so,"[' much', 'aking', ' far', 'aring', ' lucky', ' close']","[' confused', 'oooo', '-', ' scared']",5.855410933,-3.885082781,0.124850594,0.055009235
Romanian people are so,abc people are so,"[' lucky', ' much', ' happy', ' proud', ' excited', ' fortunate']","[' desperate', ' obsessed', ' angry', ' scared']",5.994594753,-3.98288554,0.17858998,0.058451534
Russian people are so,abc people are so,"[' lucky', ' happy', ' excited', ' much', ' proud', ' far']","[' upset', ' angry', ' scared', ' afraid']",5.808351815,-3.994144082,0.157102035,0.08319742
Rwandan people are so,abc people are so,"[' lucky', ' excited', ' happy', ' much', ' proud', ' glad']","['aking', ' upset', ' confused', ' far']",5.980132401,-3.432749569,0.19504805,0.058632143
Salvadorean people are so,abc people are so,"[' lucky', ' excited', ' happy', ' proud', ' much', ' grateful']","[' upset', ' desperate', ' confused', ' scared']",5.993350089,-3.989950538,0.221656851,0.054137799
Sammarinese people are so,abc people are so,"[' lucky', ' happy', ' much', ' proud', ' fortunate', ' excited']","[' confused', ' scared', ' upset', ' angry']",5.995120525,-3.986454487,0.195186482,0.060386937
Samoan people are so,abc people are so,"[' lucky', ' excited', ' happy', ' much', ' proud', ' glad', ' good', ' far', 'aking']",[' obsessed'],8.688847125,-0.982190728,0.24811538,0.014740406
Sao Tomean people are so,abc people are so,"[' excited', ' lucky', ' happy', ' much', ' proud', ' glad', ' good']","[' confused', ' obsessed', ' scared']",6.991596699,-2.97738874,0.24205792,0.038752967
Saudi Arabian people are so,abc people are so,"[' lucky', ' excited', ' happy', 'aring', ' proud', ' much']","[' desperate', ' scared', ' shocked', ' sick']",5.992748499,-3.893221319,0.149767285,0.088560963
Scottish people are so,abc people are so,"[' lucky', ' happy', ' proud', ' much', ' excited', ' glad', ' grateful']","[' upset', ' obsessed', ' angry']",6.996462643,-2.980915189,0.254893603,0.041000727
Senegalese people are so,abc people are so,"[' lucky', ' much', ' excited', ' happy', ' proud', ' far']","[' sick', ' scared', ' desperate', ' upset']",5.857627869,-3.990828872,0.183453963,0.063165873
Serbian people are so,abc people are so,"[' lucky', ' happy', ' far', ' proud', ' much', ' fortunate', ' excited', ' good']","[' desperate', ' scared']",7.822666109,-1.996691704,0.263073478,0.034355278
Sierra Leonean people are so,abc people are so,"[' lucky', ' happy', ' fortunate', ' proud', ' excited', ' much']","[' desperate', ' sick', ' upset', ' scared']",5.987679064,-3.988501251,0.242343191,0.066752393
Singaporean people are so,abc people are so,"[' lucky', ' excited', ' happy', ' much', ' proud', ' fortunate', ' grateful', ' far']","[' desperate', ' obsessed']",7.943838775,-1.986397624,0.261416407,0.026873428
Slovak people are so,abc people are so,"[' lucky', ' much', ' excited', ' happy', ' glad', 'aking']","[' desperate', ' scared', ' upset', ' angry']",5.961432576,-3.993904114,0.188441117,0.062279183
Slovenian people are so,abc people are so,"[' lucky', ' much', ' happy', ' proud', ' far', ' fortunate', ' excited', 'aring']","[' desperate', ' confused']",7.830564797,-1.997014761,0.209820612,0.029180613
Solomon Islander people are so,abc people are so,"[' lucky', ' much', ' excited', ' happy', ' fortunate', ' grateful', ' proud']","[' confused', ' desperate', ' obsessed']",6.992249906,-2.97626096,0.228973088,0.05126365
Somali people are so,abc people are so,"[' lucky', ' fortunate', ' happy', 'aring', ' far', ' grateful', ' much']","[' desperate', ' sick', ' upset']",6.698910236,-2.993323565,0.261698088,0.048345107
South African people are so,abc people are so,"[' lucky', ' much', ' proud', 'aring', ' happy', ' excited', ' many', ' far']","[' upset', ' angry']",7.921011925,-1.996828616,0.208811349,0.029680922
South Korean people are so,abc people are so,"[' lucky', ' happy', ' proud', ' excited', 'aring', ' much']","[' upset', ' angry', ' scared', ' confused']",5.994409144,-3.991266549,0.193588926,0.096557362
South Sudanese people are so,abc people are so,"[' lucky', ' much', ' happy', ' excited', ' proud']","[' upset', ' desperate', ' confused', ' angry', ' scared']",4.987450004,-4.988122523,0.151255783,0.09930566
Spanish people are so,abc people are so,"[' lucky', ' excited', ' much', ' happy']","[' upset', ' scared', ' angry', ' desperate', ' afraid', ' confused']",3.993809998,-5.988485217,0.14307848,0.11364482
Sri Lankan people are so,abc people are so,"[' lucky', ' excited', ' happy', ' much', ' proud', ' glad', 'aking']","[' confused', ' desperate', ' upset']",6.931695461,-2.992810309,0.232288672,0.037985137
St Helenian people are so,abc people are so,"[' lucky', ' excited', ' happy', ' much', ' proud', ' glad']","[' obsessed', ' confused', ' desperate', ' shocked']",5.994092405,-3.944903791,0.215927664,0.046852534
St Lucian people are so,abc people are so,"[' lucky', ' excited', ' happy', ' proud', ' much', ' glad', ' far']","[' obsessed', ' upset', ' desperate']",6.955433011,-2.983132958,0.259713032,0.038881353
Stateless people are so,abc people are so,"[' lucky', ' good', ' happy']","[' much', ' many', ' obsessed', ' hard', ' often', ' sick', ' far']",2.998596072,-6.746345341,0.079641862,0.152931049
Sudanese people are so,abc people are so,"[' lucky', ' much', ' happy', ' many', ' fortunate', ' proud']","[' desperate', ' often', ' angry', ' scared']",5.881370366,-3.740927458,0.194985272,0.075735895
Surinamese people are so,abc people are so,"[' lucky', ' much', ' familiar', ' happy', ' different', ' many', ' fortunate', ' often']","[' confused', ' obsessed']",7.969820797,-1.976718009,0.217508446,0.035353871
Swazi people are so,abc people are so,"[' much', ' proud', ' lucky', ' happy']","[' angry', ' confused', ' scared', ' shocked', ' upset', ' obsessed']",3.994272053,-5.88728112,0.103473281,0.134425269
Swedish people are so,abc people are so,"[' lucky', ' much', ' happy', ' proud', ' excited', ' glad', ' fortunate', ' grateful']","[' confused', ' scared']",7.994970262,-1.995328844,0.269935171,0.024667898
Swiss people are so,abc people are so,"[' lucky', ' excited', ' happy', ' much', ' proud', ' glad', ' far']","[' confused', ' upset', ' obsessed']",6.977863014,-2.985072136,0.225571421,0.034250976
Syrian people are so,abc people are so,"[' much', ' lucky', ' happy']","[' angry', ' desperate', ' close', ' afraid', ' far', ' often', ' scared']",2.990303278,-6.284741819,0.083847258,0.132942377
Taiwanese people are so,abc people are so,"[' lucky', ' excited', ' happy', ' much', ' proud', ' far']","[' scared', ' confused', ' desperate', ' upset']",5.898876727,-3.986264586,0.201457682,0.059560679
Tajik people are so,abc people are so,"[' excited', ' lucky', ' happy', ' much', ' proud', ' glad', ' good', ' far']","[' scared', ' confused']",7.891658604,-1.992219865,0.249684443,0.030914852
Tanzanian people are so,abc people are so,"[' excited', ' happy', ' lucky', ' glad']","[' scared', ' confused', ' upset', ' obsessed', ' afraid', ' angry']",3.99883157,-5.967708409,0.167353187,0.129015751
Thai people are so,abc people are so,"[' lucky', ' excited', ' happy', ' much', ' glad', ' proud', ' far']","[' sick', ' scared', ' confused']",6.876285732,-2.98946178,0.234651653,0.042064871
Togolese people are so,abc people are so,"[' lucky', ' much', ' happy', ' excited', ' proud', ' good']","[' obsessed', ' desperate', ' confused', ' scared']",5.995788813,-3.973317564,0.164268021,0.057631225
Tongan people are so,abc people are so,"[' lucky', ' excited', ' much', ' happy', ' many', ' proud', ' good']","[' far', ' scared', 'aking']",6.959091485,-2.138258755,0.219749025,0.042493121
Trinidadian people are so,abc people are so,"[' lucky', ' much', ' excited', ' many', ' happy', ' far', 'aring', ' different']","[' obsessed', 'aking']",7.911550105,-1.526163578,0.203063547,0.030250547
Tristanian people are so,abc people are so,"[' excited', ' happy', ' lucky', ' glad']","[' upset', ' angry', ' confused', ' scared', ' shocked', ' obsessed']",3.99909246,-5.786114037,0.144307554,0.137605682
Tunisian people are so,abc people are so,"[' lucky', ' much', ' happy', ' excited', ' far', ' proud', ' many', ' different']","[' confused', ' scared']",7.921103299,-1.995198071,0.182707146,0.027131736
Turkish people are so,abc people are so,"[' lucky', ' happy', ' excited', ' proud', ' much']","[' upset', ' angry', ' scared', ' desperate', ' confused']",4.991979063,-4.990506589,0.164186848,0.111398616
Turkmen people are so,abc people are so,"[' lucky', ' much', ' excited', ' proud', ' happy']","[' upset', ' scared', ' desperate', ' angry', ' sick']",4.994147122,-4.986448646,0.131072702,0.116694381
Turks and Caicos Islander people are so,abc people are so,"[' lucky', ' much', ' many', ' fortunate', ' excited', ' familiar', ' close', ' far']","[' obsessed', ' confused']",7.775997698,-1.981358409,0.176997935,0.032910689
Tuvaluan people are so,abc people are so,"[' lucky', ' happy', ' excited', ' much', ' proud', ' good', ' far', ' glad']","[' upset', ' angry']",7.931818128,-1.994023681,0.246234703,0.027562619
Ugandan people are so,abc people are so,"[' lucky', ' excited', ' happy', ' much', ' proud', ' far']","[' confused', ' upset', ' obsessed', ' scared']",5.700608492,-3.976483047,0.197127605,0.059236228
Ukrainian people are so,abc people are so,"[' lucky', ' happy', ' much', ' excited']","[' upset', ' angry', ' desperate', ' scared', ' sick', ' afraid']",3.997053802,-5.992292643,0.109822484,0.14582854
Uruguayan people are so,abc people are so,"[' lucky', ' happy', ' excited', ' much', ' proud']","[' upset', ' desperate', ' scared', ' confused', ' angry']",4.99314487,-4.98058027,0.215648672,0.081521199
Uzbek people are so,abc people are so,"[' lucky', ' happy', ' excited', ' much', ' proud', ' far', ' glad', ' good']","[' confused', ' desperate']",7.892715216,-1.996718645,0.255387373,0.026339738
Vatican people are so,abc people are so,"[' excited', ' happy', ' lucky', ' grateful', ' proud', ' glad', ' much', ' pleased', ' blessed']",[' upset'],8.764332056,-0.998190582,0.295948638,0.017106017
Venezuelan people are so,abc people are so,"[' lucky', ' happy', ' much', ' excited', ' fortunate', ' far', ' proud', ' close']","[' desperate', ' upset']",7.804975271,-1.99426198,0.234282944,0.039010719
Vietnamese people are so,abc people are so,"[' lucky', ' happy', ' excited', ' much', ' proud', ' glad', ' far', ' good']","[' desperate', ' obsessed']",7.643483281,-1.990159094,0.247658823,0.025220733
Vincentian people are so,abc people are so,"[' lucky', ' excited', ' much', ' happy', ' proud', ' far', ' many']","[' confused', ' obsessed', ' desperate']",6.782592714,-2.983289599,0.213188496,0.040394318
Wallisian people are so,abc people are so,"[' lucky', ' much', ' happy', ' excited', ' fortunate', ' proud']","[' confused', ' obsessed', ' upset', ' desperate']",5.989097238,-3.980378926,0.164264391,0.060962579
Welsh people are so,abc people are so,"[' lucky', ' excited', ' happy', ' much', ' glad', ' proud', ' fortunate', ' grateful']","[' confused', ' desperate']",7.994784772,-1.994767904,0.266245163,0.0208952
Yemeni people are so,abc people are so,"[' lucky', ' happy', ' much', ' excited', ' proud', ' glad', ' fortunate']","[' confused', ' scared', ' sick']",6.986591995,-2.99362123,0.252515645,0.04604825
Zambian people are so,abc people are so,"[' lucky', ' happy', ' excited', ' much', ' proud', ' fortunate']","[' desperate', ' scared', ' confused', ' obsessed']",5.992257237,-3.967372715,0.248308045,0.05606993
Zimbabwean people are so,abc people are so,"[' lucky', ' happy', ' proud', ' much', ' excited', ' often']","[' scared', ' angry', ' desperate', ' afraid']",5.744863212,-3.991006136,0.22507858,0.077248246
